{
  "namespace": "hud",
  "hud_title_text/title_frame/title": {
    "modifications": [
      {
        "array_name": "bindings",
        "operation": "insert_back",
        "value": {
          "binding_type": "view",
          "source_property_name": "(not ((#text = 'screamer_playmate')))",
          "target_property_name": "#visible"
        }
      }
    ]
  },
  "root_panel": {
    "modifications": [
      {
        "array_name": "controls",
        "operation": "insert_front",
        "value": [
          {
            "screamer_playmate_factory@hud.screamer_playmate_factory": {}
          }
        ]
      }
    ]
  },
  "screamer_playmate": {
    "type": "image",
    "texture": "textures/knock_knock/screamer",
    "anchor_from": "center",
    "anchor_to": "center",
    "size": ["100%", "100%"],
    "fill": true,
    "$fit_to_width": true,
    "$fit_to_height": true,
    "$keep_aspect_ratio": false,
    "alpha": 1,
    "layer": 999999,
    "anims": [
      "@hud.screamer_playmate_wait"
    ],
    "bindings": [
      {
        "binding_name": "#hud_title_text_string"
      },
      {
        "binding_type": "view",
        "source_property_name": "(#hud_title_text_string = 'screamer_playmate')",
        "target_property_name": "#visible"
      }
    ]
  },
  "screamer_playmate_factory": {
    "type": "panel",
    "factory": {
      "name": "hud_title_text_factory",
      "control_ids": {
        "hud_title_text": "screamer_playmate@hud.screamer_playmate"
      }
    }
  },
  "screamer_playmate_wait": {
    "anim_type": "wait",
    "duration": 1,
    "next": "@hud.screamer_playmate_out"
  },
  "screamer_playmate_out": {
    "anim_type": "alpha",
    "easing": "in_quart",
    "duration": 0.1,
    "from": 1,
    "to": 0
  }
}