{
  "tiers": [
    {
      "total_exp_required": 0,
      "groups": [
        {
          "num_to_select": 1,
          "trades": [
            {
              "wants": [
                {
                  "item": "minecraft:chicken",
                  "quantity": 14,
                  "price_multiplier": 0.05
                }
              ],
              "gives": [
                {
                  "item": "minecraft:emerald",
                  "quantity": 1
                }
              ],
              "trader_exp": 1,
              "max_uses": 9999,
              "reward_exp": true
            },
            {
              "wants": [
                {
                  "item": "minecraft:rabbit",
                  "quantity": 4,
                  "price_multiplier": 0.05
                }
              ],
              "gives": [
                {
                  "item": "minecraft:emerald",
                  "quantity": 1
                }
              ],
              "trader_exp": 1,
              "max_uses": 9999,
              "reward_exp": true
            },
            {
              "wants": [
                {
                  "item": "minecraft:porkchop",
                  "quantity": 7,
                  "price_multiplier": 0.05
                }
              ],
              "gives": [
                {
                  "item": "minecraft:emerald",
                  "quantity": 1
                }
              ],
              "trader_exp": 1,
              "max_uses": 9999,
              "reward_exp": true
            }
          ]
        },
        {
          "num_to_select": 1,
          "trades": [
            {
              "wants": [
                {
                  "item": "minecraft:emerald",
                  "quantity": 1,
                  "price_multiplier": 0.05
                }
              ],
              "gives": [
                {
                  "item": "minecraft:rabbit_stew",
                  "quantity": 1
                }
              ],
              "trader_exp": 2,
              "max_uses": 9999,
              "reward_exp": true
            }
          ]
        }
      ]
    },
    {
      "total_exp_required": 10,
      "groups": [
        {
          "num_to_select": 1,
          "trades": [
            {
              "wants": [
                {
                  "item": "minecraft:coal:0",
                  "quantity": 15,
                  "price_multiplier": 0.05
                }
              ],
              "gives": [
                {
                  "item": "minecraft:emerald",
                  "quantity": 1
                }
              ],
              "trader_exp": 5,
              "max_uses": 9999,
              "reward_exp": true
            }
          ]
        },
        {
          "num_to_select": 1,
          "trades": [
            {
              "wants": [
                {
                  "item": "minecraft:emerald",
                  "price_multiplier": 0.05
                }
              ],
              "gives": [
                {
                  "item": "minecraft:cooked_rabbit",
                  "quantity": 5
                }
              ],
              "trader_exp": 10,
              "max_uses": 9999,
              "reward_exp": true
            },
            {
              "wants": [
                {
                  "item": "minecraft:emerald",
                  "quantity": 1,
                  "price_multiplier": 0.05
                }
              ],
              "gives": [
                {
                  "item": "minecraft:cooked_chicken",
                  "quantity": 4
                }
              ],
              "trader_exp": 10,
              "max_uses": 9999,
              "reward_exp": true
            },
            {
              "wants": [
                {
                  "item": "minecraft:emerald",
                  "quantity": 1,
                  "price_multiplier": 0.05
                }
              ],
              "gives": [
                {
                  "item": "minecraft:cooked_porkchop",
                  "quantity": 3
                }
              ],
              "trader_exp": 10,
              "max_uses": 9999,
              "reward_exp": true
            },
            {
              "wants": [
                {
                  "item": "minecraft:emerald",
                  "quantity": 1,
                  "price_multiplier": 0.05
                }
              ],
              "gives": [
                {
                  "item": "minecraft:muttoncooked",
                  "quantity": 4
                }
              ],
              "trader_exp": 10,
              "max_uses": 9999,
              "reward_exp": true
            }
          ]
        }
      ]
    },
    {
      "total_exp_required": 60,
      "groups": [
        {
          "num_to_select": 1,
          "trades": [
            {
              "wants": [
                {
                  "item": "minecraft:beef",
                  "quantity": 10,
                  "price_multiplier": 0.05
                }
              ],
              "gives": [
                {
                  "item": "minecraft:emerald",
                  "quantity": 1
                }
              ],
              "trader_exp": 10,
              "max_uses": 9999,
              "reward_exp": true
            },
            {
              "wants": [
                {
                  "item": "minecraft:muttonraw",
                  "quantity": 8,
                  "price_multiplier": 0.05
                }
              ],
              "gives": [
                {
                  "item": "minecraft:emerald",
                  "quantity": 1
                }
              ],
              "trader_exp": 10,
              "max_uses": 9999,
              "reward_exp": true
            }
          ]
        },
        {
          "num_to_select": 1,
          "trades": [
            {
              "wants": [
                {
                  "item": "minecraft:emerald",
                  "quantity": 1,
                  "price_multiplier": 0.5
                }
              ],
              "gives": [
                {
                  "item": "minecraft:cooked_beef",
                  "quantity": 3
                }
              ],
              "trader_exp": 20,
              "max_uses": 9999,
              "reward_exp": true
            }
          ]
        }
      ]
    },
    {
      "total_exp_required": 160,
      "groups": [
        {
          "num_to_select": 1,
          "trades": [
            {
              "wants": [
                {
                  "item": "minecraft:dried_kelp_block",
                  "quantity": 18,
                  "price_multiplier": 0.05
                }
              ],
              "gives": [
                {
                  "item": "minecraft:emerald",
                  "quantity": 1
                }
              ],
              "trader_exp": 15,
              "max_uses": 9999,
              "reward_exp": true
            }
          ]
        }
      ]
    },
    {
      "total_exp_required": 310,
      "groups": [
        {
          "num_to_select": 1,
          "trades": [
            {
              "wants": [
                {
                  "item": "minecraft:sweet_berries",
                  "quantity": 10,
                  "price_multiplier": 0.05
                }
              ],
              "gives": [
                {
                  "item": "minecraft:emerald",
                  "quantity": 1
                }
              ],
              "trader_exp": 0,
              "max_uses": 9999,
              "reward_exp": true
            }
          ]
        }
      ]
    }
  ]
}
