{
  "format_version": "1.16.0",
  "minecraft:entity": {
    "description": {
      "identifier": "tm:angry",
      "is_spawnable": true,
      "is_summonable": true,
      "is_experimental": false,
      "scripts": {
        "animate": ["spawn"]
      },
      "animations": {"spawn": "animation.knock_knock.angry"}
    },
    "component_groups": {
      "despawn": {
        "minecraft:instant_despawn": {

        }
      }
    },
    "components": {
      "minecraft:is_hidden_when_invisible": {},
      "minecraft:type_family": {
        "family": [
          "monster"
        ]
      },
      "minecraft:nameable": {
        "alwaysShow": false,
        "allowNameTagRenaming": false
      },
      "minecraft:collision_box": {
        "height": 1.9,
        "width": 0.6
      },
      "minecraft:health": {
        "value": 910,
        "max": 910
      },
      "minecraft:movement": {"value": 0.5},
      "minecraft:navigation.walk": {
        "can_path_over_water": true,
        "avoid_water": false,
        "avoid_damage_blocks": false,
        "can_open_doors": true
      },
      "minecraft:movement.basic": {},
      "minecraft:jump.static": {},
      "minecraft:can_climb": {},
      "minecraft:attack": {},
      "minecraft:damage_sensor": {
        "triggers": [
          {
            "cause": "contact",
            "deals_damage": false
          },
          {
            "cause": "freezing",
            "deals_damage": false
          },
          {
            "cause": "fall",
            "deals_damage": false
          },
          {
            "cause": "all",
            "deals_damage": false,
            "on_damage": {
              "filters": {
                "all_of": [
                  {
                    "test": "is_family",
                    "subject": "other",
                    "operator": "not",
                    "value": "mob"
                  }
                ]
              }
            }
          }
        ]
      },
      "minecraft:behavior.melee_attack": {
        "priority": 1,
        "track_target": true,
        "speed_multiplier": 1
      },
      "minecraft:target_nearby_sensor": {
        "inside_range": 1,
        "on_inside_range": {
          "event": "screamer",
          "target": "self"
        }
      },
      "minecraft:behavior.look_at_player": {
        "priority": 100,
        "look_distance": 100,
        "probability": 100
      },
      "minecraft:behavior.nearest_attackable_target": {
        "priority": 20,
        "must_see": true,
        "must_reach": false,
        "within_radius": 100,
        "entity_types": [
          {
            "filters": {
              "all_of": [
                {
                  "test": "is_family",
                  "subject": "other",
                  "value": "player"
                }
              ]
            },
            "must_see": false,
            "must_reach": false,
            "max_dist": 100.5
          }
        ],
        "persist_time": 1,
        "reselect_targets": false
      },
      "minecraft:persistent": {},
      "minecraft:physics": {},
      "minecraft:pushable": {
        "is_pushable": true,
        "is_pushable_by_piston": false
      },
      "minecraft:follow_range": {
        "value": 100
      },
      "minecraft:scale": {
        "value": 1
      },
      "minecraft:annotation.open_door": {},
      "minecraft:behavior.float": {
        "priority": 5,
        "speed_multiplier": 1
      }
    },
    "events": {
      "despawn": {
        "add": {
          "component_groups": ["despawn"]
        }
      },
      "screamer": {
        "queue_command": {
          "command": ["function angrysr"]
        }
      }
    }
  }
}