{
  "format_version": "1.16.0",
  "minecraft:entity": {
    "description": {
      "identifier": "tm:hiding1",
      "is_spawnable": false,
      "is_summonable": true,
      "is_experimental": false
    },
    "component_groups": {
      "despawn": {
        "minecraft:instant_despawn": {}
      },
      "teleport_playmate": {
        "minecraft:teleport": {
          "max_random_teleport_radius": 32,
          "min_random_teleport_radius": 16,
          "random_teleport": true
        }
      }
    },
    "components": {
      "minecraft:type_family": {
        "family": ["monster"]
      },
      "minecraft:health": {
        "value": 500,
        "max": 500
      },
      "minecraft:physics": {},
      "minecraft:damage_sensor": {
        "triggers": {
          "cause": "attack",
          "deals_damage": false,
          "on_damage": {
            "filters": [
              {
                "test": "is_family",
                "subject": "other",
                "value": "player"
              }
            ],
            "event": "damage",
            "target": "self"
          }
        }
      }
    },
    "events": {
      "despawn": {
        "add": {
          "component_groups": ["despawn"]
        }
      },
      "damage": {
        "queue_command": {
          "command": ["function rehiding1"]
        }
      },
      "minecraft:entity_spawned": {
        "add": {
          "component_groups": ["teleport_playmate"]
        },
        "remove": {
          "component_groups": ["teleport_playmate"]
        }
      }
    }
  }
}