{
  "format_version": "1.16.0",
  "minecraft:entity": {
    "description": {
      "identifier": "tm:looking",
      "is_spawnable": false,
      "is_summonable": true,
      "is_experimental": false,
      "scripts": {
        "animate": [
          "looked",
          "start"
        ]
      },
      "animations": {
        "looked": "controller.animation.playmate_looked",
        "start": "animation.knock_knock.looking"
      }
    },
    "component_groups": {
      "despawn": {
        "minecraft:instant_despawn": {}
      },
      "count": {
        "minecraft:variant": {"value": 1}
      },
      "looking": {
        "minecraft:variant": {"value": 0},
        "minecraft:behavior.nearest_attackable_target": {
          "priority": 20,
          "must_see": true,
          "must_reach": false,
          "within_radius": 100,
          "entity_types": [
            {
              "filters": {
                "all_of": [
                  {
                    "test": "is_family",
                    "subject": "other",
                    "value": "player"
                  }
                ]
              },
              "max_dist": 100
            }
          ],
          "persist_time": 1,
          "reselect_targets": true
        },
        "minecraft:melee_attack": {
          "priority": 2,
          "track_target": false,
          "speed_multiplier": 1
        },
			   	"minecraft:behavior.random_stroll": {
			    		"priority": 6,
					   "interval": 20,
					   "xz_dist": 30,
					   "speed_multiplier": 1
				  }
      },
      "looked": {
        "minecraft:transformation": {
          "into": "tm:angry"
        }
      }
    },
    "components": {
      "minecraft:type_family": {
        "family": ["monster"]
      },
      "minecraft:nameable": {
        "always_show": false,
        "allow_name_tag_renaming": false
      },
      "minecraft:collision_box": {
        "height": 1.9,
        "width": 0.6
      },
      "minecraft:health": {
        "value": 500,
        "max": 500
      },
      "minecraft:movement": {
        "value": 0.5
      },
      "minecraft:navigation.walk": {
        "can_path_over_water": false,
        "avoid_water": true,
        "avoid_damage_blocks": false,
        "can_open_doors": true
      },
      "minecraft:movement.basic": {},
      "minecraft:jump.static": {},
      "minecraft:can_climb": {},
      "minecraft:damage_sensor": {
        "triggers": [
          {
            "cause": "contact",
            "deals_damage": false
          },
          {
            "cause": "freezing",
            "deals_damage": false
          },
          {
            "cause": "fall",
            "deals_damage": false
          },
          {
            "cause": "all",
            "deals_damage": false,
            "on_damage": {
              "filters": {
                "all_of": [
                  {
                    "test": "is_family",
                    "subject": "other",
                    "operator": "not",
                    "value": "mob"
                  }
                ]
              }
            }
          }
        ]
      },
      "minecraft:behavior.look_at_player": {
        "priority": 5,
        "look_distance": 8
      },
      "minecraft:behavior.random_look_around": {
        "priority": 5,
        "look_distance": 8
      },
      "minecraft:physics": {},
      "minecraft:pushable": {
        "is_pushable": true,
        "is_pushable_by_piston": false
      },
      "minecraft:follow_range": {
        "value": 100
      },
      "minecraft:scale": {
        "value": 1
      },
      "minecraft:annotation.open_door": {},
      "minecraft:behavior.float": {
        "priority": 5,
        "speed_multiplier": 1
      },
      "minecraft:timer": {
        "looping": false,
        "time": 22,
        "time_down_event": {
          "event": "on:tick_action"
        }
      }
    },
    "events": {
      "looked": {
        "add": {
          "component_groups": ["looked"]
        }
      },
      "count": {
        "add": {
          "component_groups": ["count"]
        }
      },
      "despawn": {
        "add": {
          "component_groups": ["despawn"]
        }
      },
      "on:tick_action": {
        "add": {
          "component_groups": ["looking"]
        }
      },
      "minecraft:entity_spawned": {
        "queue_command": {
          "target": "self",
          "command": ["function lookingsn"]
        }
      }
    }
  }
}