{
   "format_version": "1.16.100",
   "minecraft:block": {
      "description": {
         "identifier": "vatonage:custom_enchantment_table",
         "register_to_creative_menu": true
      },
      "components": {
         "minecraft:creative_category": {
		"category": "construction"
	},
         "minecraft:material_instances": {
            "*": {
               "texture": "custom_enchantment_table",
               "render_method": "alpha_test"
            }
         },
         "minecraft:pick_collision": {
             "origin":  [-8, 0, -8],
             "size":    [16, 12, 16]
         },
         "minecraft:entity_collision": {
             "origin":  [-8, 0, -8],
             "size":    [16, 12, 16]
         },
         "minecraft:geometry": "geometry.custom_enchantment_table",
         "minecraft:destroy_time": 1,
         "minecraft:block_light_absorption": 0
      }
   }
}