{
  "format_version": "1.10.0",
  "minecraft:client_entity": {
    "description": {
      "identifier": "tm:angry",
      "textures": {"default": "textures/knock_knock/seek"},
      "materials": {"default": "entity_emissive_alpha"},
      "geometry": {"default": "geometry.playmate"},
      "spawn_egg": {
        "base_color": "#000000",
        "overlay_color": "#ffffff"
      },
      "scripts": {
        "animate": ["base"]
      },
      "animations": {
        "idle": "animation.playmate.idle",
        "run": "animation.playmate.run",
        "base": "controller.animation.playmate_angry",
        "look": "animation.common.look_at_target"
      },
      "render_controllers": ["controller.render.default"]
    }
  }
}