{
	"format_version": "1.8.0",
	"animations": {
		"animation.playmate.idle": {
			"loop": true,
			"animation_length": 2,
			"bones": {
				"upper_torso": {
					"position": {
						"0.0": [0, 0, 0],
						"1.0": [0, 0.2, 0],
						"2.0": [0, 0, 0]
					}
				},
				"head": {
					"rotation": {
						"0.0": [12.5, 0, "-22.5+math.sin(q.anim_time * 3000) * 10"],
						"0.5": [-0.73218, -4.2453, -2.9373],
						"1.0": [10.25452, 5.16977, "14.08232+math.sin(q.anim_time * 3000) * 10"],
						"1.5": [2.53722, -11.29045, -9.18748],
						"2.0": [12.5, 0, "-22.5+math.sin(q.anim_time * 3000) * 10"]
					}
				}
			}
		},
		"animation.playmate.walk": {
			"loop": true,
			"animation_length": 1,
			"bones": {
				"Man_from_the_shadow": {
					"position": {
						"0.0": [0, -0.4, 0],
						"0.25": [0, -0.1, 0],
						"0.5": [0, -0.4, 0],
						"0.75": [0, -0.1, 0],
						"1.0": [0, -0.4, 0]
					}
				},
				"upper_leg2": {
					"rotation": {
						"0.0": [-15, 0, 0],
						"0.25": [5, 0, 0],
						"0.5": [15, 0, 0],
						"0.75": [-10, 0, 0],
						"1.0": [-15, 0, 0]
					},
					"position": {
						"0.0": [0, 0, 0],
						"0.5": [0, 0.8, 0],
						"1.0": [0, 0, 0]
					}
				},
				"lower_leg2": {
					"rotation": {
						"0.0": [0, 0, 0],
						"0.25": [10, 0, 0],
						"0.5": [30, 0, 0],
						"0.75": [40, 0, 0],
						"1.0": [0, 0, 0]
					},
					"position": {
						"0.0": [0, 0, 0],
						"0.25": [0, 0.3, 0],
						"0.5": [0, 1, -0.4],
						"0.75": [0, 1.3, -0.6],
						"1.0": [0, 0, 0]
					}
				},
				"stomp2": {
					"rotation": {
						"0.0": [0, 0, 0],
						"0.125": [1.25, 0, 0],
						"0.25": [-12.5, 0, 0],
						"0.5": [0, 0, 0],
						"1.0": [0, 0, 0]
					},
					"position": {
						"0.0": [0, 0, 0],
						"0.25": [0, -0.6, 0],
						"1.0": [0, 0, 0]
					}
				},
				"upper_leg": {
					"rotation": {
						"0.0": [15, 0, 0],
						"0.25": [-10, 0, 0],
						"0.5": [-15, 0, 0],
						"0.75": [5, 0, 0],
						"1.0": [15, 0, 0]
					},
					"position": {
						"0.0": [0, 0.7, 0],
						"0.5": [0, -0.3, 0],
						"1.0": [0, 0.7, 0]
					}
				},
				"lower_leg": {
					"rotation": {
						"0.0": [30, 0, 0],
						"0.25": [40, 0, 0],
						"0.5": [0, 0, 0],
						"0.75": [10, 0, 0],
						"1.0": [30, 0, 0]
					},
					"position": {
						"0.0": [0, 1, -0.4],
						"0.25": [0, 1.2, -0.4],
						"0.5": [0, 0, 0],
						"0.75": [0, 0.3, 0],
						"1.0": [0, 1, -0.4]
					}
				},
				"stomp": {
					"rotation": {
						"0.0": [0, 0, 0],
						"0.5833": [7.39, 0, 0],
						"0.625": [0.42, 0, 0],
						"0.75": [-14.5, 0, 0],
						"0.875": [-14.75, 0, 0],
						"1.0": [0, 0, 0]
					},
					"position": {
						"0.0": [0, 0, 0],
						"0.625": [0, 0.38, 0],
						"0.75": [0, -0.7, 0],
						"1.0": [0, 0, 0]
					}
				},
				"upper_torso": {
					"rotation": {
						"0.0": [0, 2, 0],
						"0.5": [0, 0, 0],
						"1.0": [0, 2, 0]
					}
				},
				"l_arm": {
					"rotation": {
						"0.0": [-15, 0, 0],
						"0.25": [0, -2.5, -2.5],
						"0.5": [14.85921, -0.72833, 0.5603],
						"0.75": [0, -2.5, -2.5],
						"1.0": [-15, 0, 0]
					}
				},
				"arm2": {
					"rotation": [-15, 0, 0],
					"position": [0, 0.2, 0.5]
				},
				"r_arm2": {
					"rotation": {
						"0.0": [15, 0, 0],
						"0.25": [0, 2.5, 2.5],
						"0.5": [-15.08441, -0.56292, 0.73473],
						"0.75": [0, 2.5, 2.5],
						"1.0": [15, 0, 0]
					}
				},
				"prearm": {
					"rotation": [-15, 0, 0],
					"position": [0, 0.4, 0.1]
				}
			}
		},
		"animation.playmate.run": {
			"loop": true,
			"animation_length": 0.6667,
			"bones": {
				"Man_from_the_shadow": {
					"position": {
						"0.0": [0, -2.3, 0],
						"0.0833": [0, -1.4, 0],
						"0.1667": [0, -0.4, 0],
						"0.25": [0, -1.65, 0],
						"0.3333": [0, -4.1, 0],
						"0.4167": [0, -1.4, 0],
						"0.5": [0, -0.4, 0],
						"0.6667": [0, -2.3, 0]
					}
				},
				"upper_leg2": {
					"rotation": {
						"0.0": [35, 0, 0],
						"0.0833": [10, 0, 0],
						"0.1667": [-20, 0, 0],
						"0.3333": [-30, 0, 0],
						"0.4167": [-20, 0, 0],
						"0.5": [-5, 0, 0],
						"0.6667": [35, 0, 0]
					},
					"position": {
						"0.0": [0, 1.6, -0.4],
						"0.1667": [0, 0.1, 0],
						"0.6667": [0, 1.6, -0.4]
					}
				},
				"lower_leg2": {
					"rotation": {
						"0.0": [45, 0, 0],
						"0.0833": [60, 0, 0],
						"0.3333": [0, 0, 0],
						"0.4167": [10, 0, 0],
						"0.5": [12.5, 0, 0],
						"0.6667": [45, 0, 0]
					},
					"position": {
						"0.0": [0, 1.3, -0.7],
						"0.0833": [0, 1.7, -1],
						"0.1667": [0, 1.3, -0.57],
						"0.3333": [0, 1.7, 0],
						"0.4167": [0, 0.5, -0.1],
						"0.6667": [0, 1.3, -0.7]
					}
				},
				"stomp2": {
					"rotation": {
						"0.0": [0, 0, 0],
						"0.4167": [10, 0, 0],
						"0.5": [-2.5, 0, 0],
						"0.5833": [-10, 0, 0],
						"0.6667": [0, 0, 0]
					},
					"position": {
						"0.0": [0, 0, 0],
						"0.4167": [0, -0.2, 0],
						"0.6667": [0, 0, 0]
					}
				},
				"upper_leg": {
					"rotation": {
						"0.0": [-30, 0, 0],
						"0.0833": [-20, 0, 0],
						"0.1667": [-5, 0, 0],
						"0.3333": [35, 0, 0],
						"0.6667": [-30, 0, 0]
					},
					"position": {
						"0.0": [0, 0, 0],
						"0.3333": [0, 1.6, -0.5],
						"0.6667": [0, 0, 0]
					}
				},
				"lower_leg": {
					"rotation": {
						"0.0": [0, 0, 0],
						"0.0833": [10, 0, 0],
						"0.1667": [12.5, 0, 0],
						"0.3333": [45, 0, 0],
						"0.6667": [0, 0, 0]
					},
					"position": {
						"0.0": [0, 0, 0],
						"0.0833": [0, 0.3, -0.1],
						"0.3333": [0, 1.4, -0.7],
						"0.6667": [0, 0, 0]
					}
				},
				"stomp": {
					"rotation": {
						"0.0": [0, 0, 0],
						"0.0833": [10, 0, 0],
						"0.1667": [-2.5, 0, 0],
						"0.25": [-16.25, 0, 0],
						"0.3333": [10, 0, 0],
						"0.6667": [0, 0, 0]
					},
					"position": {
						"0.0": [0, 0, 0],
						"0.1667": [0, -0.4, 0],
						"0.6667": [0, 0, 0]
					}
				},
				"l_arm": {
					"rotation": {
						"0.0": [0, 0, -75],
						"0.1667": [0, 0, -95],
						"0.3333": [0, 0, -65],
						"0.5": [0, 0, -95],
						"0.6667": [0, 0, -65]
					},
					"position": [0, -0.5, 0]
				},
				"arm2": {
					"rotation": [0, 0, -15],
					"position": [-0.5, 0.2, 0]
				},
				"r_arm2": {
					"rotation": {
						"0.0": [0, 0, 75],
						"0.1667": [0, 0, 95],
						"0.3333": [0, 0, 65],
						"0.5": [0, 0, 95],
						"0.6667": [0, 0, 65]
					},
					"position": [0, -0.5, 0]
				},
				"prearm": {
					"rotation": [0, 0, 15],
					"position": [0.1, 0.6, 0]
				}
			}
		},
		"animation.playmate.count": {
			"loop": true,
			"animation_length": 22,
			"bones": {
				"l_arm": {
					"rotation": [-69.55162, -9.00017, -39.11662]
				},
				"arm2": {
					"rotation": [-61.93176, 33.09585, 112.73435],
					"position": [1.3, -0.8, 1.4]
				},
				"head": {
					"rotation": {
						"0.0": [0, 0, 0],
						"1.0": [-5, 0, 0],
						"2.0": [0, 0, 0],
						"3.0": [-5, 0, 0],
						"4.0": [0, 0, 0],
						"5.0": [-5, 0, 0],
						"6.0": [0, 0, 0],
						"7.0": [-5, 0, 0],
						"8.0": [0, 0, 0],
						"9.0417": [-5, 0, 0],
						"10.0417": [0, 0, 0],
						"11.0": [-5, 0, 0],
						"11.9583": [0, 0, 0],
						"13.0": [-5, 0, 0],
						"14.0": [0, 0, 0],
						"15.0": [-5, 0, 0],
						"15.9583": [0, 0, 0],
						"17.0": [-5, 0, 0],
						"18.0": [0, 0, 0],
						"19.0": [-5, 0, 0],
						"20.0": [0, 0, 0],
						"21.0": [-5, 0, 0],
						"22.0": [0, 0, 0]
					}
				},
				"r_arm2": {
					"rotation": [-94.56137, 25.69024, 37.2158]
				},
				"prearm": {
					"rotation": [-60.43963, -6.32742, -115.81506],
					"position": [-0.5, 0.3, 1.1]
				}
			}
		}
	}
}