{
	"format_version": "1.12.0",
	"minecraft:geometry": [
		{
			"description": {
				"identifier": "geometry.playmate",
				"texture_width": 128,
				"texture_height": 128,
				"visible_bounds_width": 4,
				"visible_bounds_height": 7.5,
				"visible_bounds_offset": [0, 3.25, 0]
			},
			"bones": [
				{
					"name": "Man_from_the_shadow",
					"pivot": [0, 27, 3]
				},
				{
					"name": "torso",
					"parent": "Man_from_the_shadow",
					"pivot": [-8, 0, 0]
				},
				{
					"name": "lower_torso",
					"parent": "torso",
					"pivot": [-8, 0, 0],
					"cubes": [
						{
							"origin": [-6.34701, 20.69643, 0.9],
							"size": [2.8, 9, 4.2],
							"pivot": [-1.94701, -0.30357, 0],
							"rotation": [0, 0, 5],
							"uv": {
								"north": {"uv": [7, 62], "uv_size": [2.8125, 9]},
								"east": {"uv": [35, 33], "uv_size": [4.1875, 9]},
								"south": {"uv": [62, 15], "uv_size": [2.8125, 9]},
								"west": {"uv": [39, 0], "uv_size": [4.1875, 9]},
								"up": {"uv": [20, 77], "uv_size": [2.8125, 4.1875]},
								"down": {"uv": [23, 81.1875], "uv_size": [2.8125, -4.1875]}
							}
						},
						{
							"origin": [-9.30072, 29.54251, 0.9],
							"size": [2.8, 4.8, 4.2],
							"pivot": [-4.90072, 8.54251, 0],
							"rotation": [0, 0, 15],
							"uv": {
								"north": {"uv": [21, 72], "uv_size": [2.8125, 4.8125]},
								"east": {"uv": [67, 60], "uv_size": [4.1875, 4.8125]},
								"south": {"uv": [24, 72], "uv_size": [2.8125, 4.8125]},
								"west": {"uv": [69, 6], "uv_size": [4.1875, 4.8125]},
								"up": {"uv": [77, 31], "uv_size": [2.8125, 4.1875]},
								"down": {"uv": [34, 81.1875], "uv_size": [2.8125, -4.1875]}
							}
						}
					]
				},
				{
					"name": "l_leg",
					"parent": "lower_torso",
					"pivot": [-9.4, 20, 4]
				},
				{
					"name": "upper_leg2",
					"parent": "l_leg",
					"pivot": [-9.4, 21, 4],
					"cubes": [
						{
							"origin": [-4.3, 10, 0.9],
							"size": [3.8, 11, 1.1],
							"uv": {
								"north": {"uv": [31, 18], "uv_size": [3.8125, 11]},
								"east": {"uv": [74, 0], "uv_size": [1.125, 11]},
								"south": {"uv": [31, 29], "uv_size": [3.8125, 11]},
								"west": {"uv": [74, 11], "uv_size": [1.125, 11]},
								"up": {"uv": [87, 41], "uv_size": [3.8125, 1.125]},
								"down": {"uv": [87, 44.125], "uv_size": [3.8125, -1.125]}
							}
						},
						{
							"origin": [-3.9, 10, 1.5],
							"size": [3, 11, 3],
							"uv": {
								"north": {"uv": [26, 44], "uv_size": [3, 11]},
								"east": {"uv": [5, 46], "uv_size": [3, 11]},
								"south": {"uv": [8, 46], "uv_size": [3, 11]},
								"west": {"uv": [11, 46], "uv_size": [3, 11]},
								"up": {"uv": [49, 8], "uv_size": [3, 3]},
								"down": {"uv": [66, 9], "uv_size": [3, -3]}
							}
						},
						{
							"origin": [-4.3, 10, 4],
							"size": [3.8, 11, 1.1],
							"uv": {
								"north": {"uv": [26, 33], "uv_size": [3.8125, 11]},
								"east": {"uv": [14, 74], "uv_size": [1.125, 11]},
								"south": {"uv": [0, 35], "uv_size": [3.8125, 11]},
								"west": {"uv": [27, 74], "uv_size": [1.125, 11]},
								"up": {"uv": [87, 54], "uv_size": [3.8125, 1.125]},
								"down": {"uv": [87, 57.125], "uv_size": [3.8125, -1.125]}
							}
						},
						{
							"origin": [-1.4, 10, 1.5],
							"size": [1.1, 11, 3],
							"uv": {
								"north": {"uv": [29, 74], "uv_size": [1.125, 11]},
								"east": {"uv": [21, 47], "uv_size": [3, 11]},
								"south": {"uv": [58, 74], "uv_size": [1.125, 11]},
								"west": {"uv": [42, 47], "uv_size": [3, 11]},
								"up": {"uv": [37, 86], "uv_size": [1.125, 3]},
								"down": {"uv": [23, 91], "uv_size": [1.125, -3]}
							}
						},
						{
							"origin": [-4.5, 10, 1.5],
							"size": [1.1, 11, 3],
							"uv": {
								"north": {"uv": [60, 74], "uv_size": [1.125, 11]},
								"east": {"uv": [45, 47], "uv_size": [3, 11]},
								"south": {"uv": [0, 75], "uv_size": [1.125, 11]},
								"west": {"uv": [48, 47], "uv_size": [3, 11]},
								"up": {"uv": [72, 88], "uv_size": [1.125, 3]},
								"down": {"uv": [88, 76], "uv_size": [1.125, -3]}
							}
						},
						{
							"origin": [-5.13828, 10, 5.54818],
							"size": [0.87617, 11, 0.63132],
							"pivot": [-8.8, 0, 2.6],
							"rotation": [0, 15, 0],
							"uv": {
								"north": {"uv": [64, 80], "uv_size": [0.875, 11]},
								"east": {"uv": [17, 84], "uv_size": [0.625, 11]},
								"south": {"uv": [65, 80], "uv_size": [0.875, 11]},
								"west": {"uv": [18, 84], "uv_size": [0.625, 11]},
								"up": {"uv": [32, 92], "uv_size": [0.875, 0.625]},
								"down": {"uv": [92, 32.625], "uv_size": [0.875, -0.625]}
							}
						},
						{
							"origin": [-1.94799, 10, 2.16514],
							"size": [0.87617, 11, 0.63132],
							"pivot": [-5.60971, 0, -0.78304],
							"rotation": [0, 15, 0],
							"uv": {
								"north": {"uv": [76, 78], "uv_size": [0.875, 11]},
								"east": {"uv": [7, 84], "uv_size": [0.625, 11]},
								"south": {"uv": [77, 78], "uv_size": [0.875, 11]},
								"west": {"uv": [8, 84], "uv_size": [0.625, 11]},
								"up": {"uv": [26, 92], "uv_size": [0.875, 0.625]},
								"down": {"uv": [27, 92.625], "uv_size": [0.875, -0.625]}
							}
						},
						{
							"origin": [-0.2585, 10, 3.42596],
							"size": [0.87617, 11, 0.63132],
							"pivot": [-3.92022, 0, 0.47778],
							"rotation": [0, -15, 0],
							"uv": {
								"north": {"uv": [80, 26], "uv_size": [0.875, 11]},
								"east": {"uv": [11, 84], "uv_size": [0.625, 11]},
								"south": {"uv": [80, 56], "uv_size": [0.875, 11]},
								"west": {"uv": [12, 84], "uv_size": [0.625, 11]},
								"up": {"uv": [92, 28], "uv_size": [0.875, 0.625]},
								"down": {"uv": [29, 92.625], "uv_size": [0.875, -0.625]}
							}
						},
						{
							"origin": [-3.44879, 10, 0.04293],
							"size": [0.87617, 11, 0.63132],
							"pivot": [-7.11051, 0, -2.90526],
							"rotation": [0, -15, 0],
							"uv": {
								"north": {"uv": [80, 26], "uv_size": [0.875, 11]},
								"east": {"uv": [11, 84], "uv_size": [0.625, 11]},
								"south": {"uv": [80, 56], "uv_size": [0.875, 11]},
								"west": {"uv": [12, 84], "uv_size": [0.625, 11]},
								"up": {"uv": [92, 28], "uv_size": [0.875, 0.625]},
								"down": {"uv": [29, 92.625], "uv_size": [0.875, -0.625]}
							}
						}
					]
				},
				{
					"name": "lower_leg2",
					"parent": "upper_leg2",
					"pivot": [-9.4, 10, 3],
					"cubes": [
						{
							"origin": [-4.3, 3, 1],
							"size": [3.8, 7, 1],
							"uv": {
								"north": {"uv": [59, 0], "uv_size": [3.8125, 7]},
								"east": {"uv": [30, 33], "uv_size": [1, 7]},
								"south": {"uv": [59, 39], "uv_size": [3.8125, 7]},
								"west": {"uv": [24, 47], "uv_size": [1, 7]},
								"up": {"uv": [32, 88], "uv_size": [3.8125, 1]},
								"down": {"uv": [43, 89], "uv_size": [3.8125, -1]}
							}
						},
						{
							"origin": [-4.4, 3, 1.5],
							"size": [1, 7, 3],
							"uv": {
								"north": {"uv": [25, 47], "uv_size": [1, 7]},
								"east": {"uv": [36, 0], "uv_size": [3, 7]},
								"south": {"uv": [20, 49], "uv_size": [1, 7]},
								"west": {"uv": [56, 65], "uv_size": [3, 7]},
								"up": {"uv": [44, 15], "uv_size": [1, 3]},
								"down": {"uv": [29, 47], "uv_size": [1, -3]}
							}
						},
						{
							"origin": [-1.4, 3, 1.5],
							"size": [1, 7, 3],
							"uv": {
								"north": {"uv": [41, 50], "uv_size": [1, 7]},
								"east": {"uv": [46, 66], "uv_size": [3, 7]},
								"south": {"uv": [50, 58], "uv_size": [1, 7]},
								"west": {"uv": [14, 67], "uv_size": [3, 7]},
								"up": {"uv": [52, 8], "uv_size": [1, 3]},
								"down": {"uv": [4, 56], "uv_size": [1, -3]}
							}
						},
						{
							"origin": [-4.3, 3, 4],
							"size": [3.8, 7, 1],
							"uv": {
								"north": {"uv": [59, 46], "uv_size": [3.8125, 7]},
								"east": {"uv": [62, 24], "uv_size": [1, 7]},
								"south": {"uv": [59, 53], "uv_size": [3.8125, 7]},
								"west": {"uv": [68, 80], "uv_size": [1, 7]},
								"up": {"uv": [88, 45], "uv_size": [3.8125, 1]},
								"down": {"uv": [88, 47], "uv_size": [3.8125, -1]}
							}
						},
						{
							"origin": [-3.9, 4, 1.5],
							"size": [3, 6, 3],
							"uv": {
								"north": {"uv": [52, 70], "uv_size": [3, 6]},
								"east": {"uv": [62, 70], "uv_size": [3, 6]},
								"south": {"uv": [65, 70], "uv_size": [3, 6]},
								"west": {"uv": [71, 0], "uv_size": [3, 6]},
								"up": {"uv": [73, 47], "uv_size": [3, 3]},
								"down": {"uv": [80, 78], "uv_size": [3, -3]}
							}
						}
					]
				},
				{
					"name": "stomp2",
					"parent": "lower_leg2",
					"pivot": [-9.4, 3, 3],
					"cubes": [
						{
							"origin": [-4.5, 0, 0],
							"size": [4.2, 2, 5.1],
							"uv": {
								"north": {"uv": [30, 40], "uv_size": [4.1875, 2]},
								"east": {"uv": [78, 24], "uv_size": [5.125, 2]},
								"south": {"uv": [81, 22], "uv_size": [4.1875, 2]},
								"west": {"uv": [78, 50], "uv_size": [5.125, 2]},
								"up": {"uv": [41, 65], "uv_size": [4.1875, 5.125]},
								"down": {"uv": [66, 5.125], "uv_size": [4.1875, -5.125]}
							}
						},
						{
							"origin": [-4.4, 0, -3],
							"size": [4, 0.6, 8],
							"uv": {
								"north": {"uv": [89, 80], "uv_size": [4, 0.625]},
								"east": {"uv": [84, 47], "uv_size": [8, 0.625]},
								"south": {"uv": [89, 81], "uv_size": [4, 0.625]},
								"west": {"uv": [84, 77], "uv_size": [8, 0.625]},
								"up": {"uv": [51, 49], "uv_size": [4, 8]},
								"down": {"uv": [52, 35], "uv_size": [4, -8]}
							}
						},
						{
							"origin": [-1.4, 2, 2],
							"size": [1, 1, 1],
							"uv": {
								"north": {"uv": [35, 49], "uv_size": [1, 1]},
								"east": {"uv": [54, 48], "uv_size": [1, 1]},
								"south": {"uv": [4, 56], "uv_size": [1, 1]},
								"west": {"uv": [41, 57], "uv_size": [1, 1]},
								"up": {"uv": [58, 3], "uv_size": [1, 1]},
								"down": {"uv": [58, 45], "uv_size": [1, -1]}
							}
						},
						{
							"origin": [-4.4, 2, 2],
							"size": [1, 1, 1],
							"uv": {
								"north": {"uv": [62, 31], "uv_size": [1, 1]},
								"east": {"uv": [65, 23], "uv_size": [1, 1]},
								"south": {"uv": [66, 32], "uv_size": [1, 1]},
								"west": {"uv": [49, 69], "uv_size": [1, 1]},
								"up": {"uv": [34, 70], "uv_size": [1, 1]},
								"down": {"uv": [3, 72], "uv_size": [1, -1]}
							}
						},
						{
							"origin": [-4.4, 2.17087, 1.81492],
							"size": [4, 1, 1.6],
							"pivot": [-6.4, 0.17087, 2.41492],
							"rotation": [45, 0, 0],
							"uv": {
								"north": {"uv": [88, 13], "uv_size": [4, 1]},
								"east": {"uv": [53, 90], "uv_size": [1.625, 1]},
								"south": {"uv": [88, 16], "uv_size": [4, 1]},
								"west": {"uv": [90, 62], "uv_size": [1.625, 1]},
								"up": {"uv": [83, 39], "uv_size": [4, 1.625]},
								"down": {"uv": [83, 42.625], "uv_size": [4, -1.625]}
							}
						},
						{
							"origin": [-4.4, 0.41133, -1.02013],
							"size": [4, 1.3, 1.9],
							"pivot": [-6.4, -1.28867, -0.32013],
							"rotation": [15, 0, 0],
							"uv": {
								"north": {"uv": [84, 73], "uv_size": [4, 1.3125]},
								"east": {"uv": [63, 13], "uv_size": [1.875, 1.3125]},
								"south": {"uv": [84, 75], "uv_size": [4, 1.3125]},
								"west": {"uv": [18, 64], "uv_size": [1.875, 1.3125]},
								"up": {"uv": [82, 14], "uv_size": [4, 1.875]},
								"down": {"uv": [31, 83.875], "uv_size": [4, -1.875]}
							}
						},
						{
							"origin": [-4.4, 0.45574, -1.58878],
							"size": [4, 0.7225, 1.5734],
							"pivot": [-6.4, -1.74426, -1.21538],
							"rotation": [30, 0, 0],
							"uv": {
								"north": {"uv": [89, 24], "uv_size": [4, 0.75]},
								"east": {"uv": [90, 73], "uv_size": [1.5625, 0.75]},
								"south": {"uv": [25, 89], "uv_size": [4, 0.75]},
								"west": {"uv": [90, 74], "uv_size": [1.5625, 0.75]},
								"up": {"uv": [84, 16], "uv_size": [4, 1.5625]},
								"down": {"uv": [84, 19.5625], "uv_size": [4, -1.5625]}
							}
						},
						{
							"origin": [-4.4, 2, 1],
							"size": [4, 1, 1],
							"uv": {
								"north": {"uv": [36, 42], "uv_size": [4, 1]},
								"east": {"uv": [75, 54], "uv_size": [1, 1]},
								"south": {"uv": [59, 7], "uv_size": [4, 1]},
								"west": {"uv": [16, 76], "uv_size": [1, 1]},
								"up": {"uv": [87, 72], "uv_size": [4, 1]},
								"down": {"uv": [87, 79], "uv_size": [4, -1]}
							}
						},
						{
							"origin": [-4.5, 2, 3],
							"size": [4.2, 1, 2.1],
							"uv": {
								"north": {"uv": [45, 22], "uv_size": [4.1875, 1]},
								"east": {"uv": [40, 90], "uv_size": [2.125, 1]},
								"south": {"uv": [53, 14], "uv_size": [4.1875, 1]},
								"west": {"uv": [90, 40], "uv_size": [2.125, 1]},
								"up": {"uv": [81, 62], "uv_size": [4.1875, 2.125]},
								"down": {"uv": [80, 83.125], "uv_size": [4.1875, -2.125]}
							}
						},
						{
							"origin": [-3.9, 2, 1.5],
							"size": [3, 2, 3],
							"uv": {
								"north": {"uv": [36, 84], "uv_size": [3, 2]},
								"east": {"uv": [84, 54], "uv_size": [3, 2]},
								"south": {"uv": [84, 56], "uv_size": [3, 2]},
								"west": {"uv": [84, 58], "uv_size": [3, 2]},
								"up": {"uv": [80, 78], "uv_size": [3, 3]},
								"down": {"uv": [2, 84], "uv_size": [3, -3]}
							}
						},
						{
							"origin": [-4.4, 2, 2],
							"size": [1, 1, 2],
							"uv": {
								"north": {"uv": [52, 91], "uv_size": [1, 1]},
								"east": {"uv": [90, 49], "uv_size": [2, 1]},
								"south": {"uv": [53, 91], "uv_size": [1, 1]},
								"west": {"uv": [51, 90], "uv_size": [2, 1]},
								"up": {"uv": [28, 58], "uv_size": [1, 2]},
								"down": {"uv": [58, 44], "uv_size": [1, -2]}
							}
						},
						{
							"origin": [-4.5, 2, 4],
							"size": [4.2, 1, 1.1],
							"uv": {
								"north": {"uv": [87, 70], "uv_size": [4.1875, 1]},
								"east": {"uv": [88, 90], "uv_size": [1.125, 1]},
								"south": {"uv": [87, 71], "uv_size": [4.1875, 1]},
								"west": {"uv": [90, 88], "uv_size": [1.125, 1]},
								"up": {"uv": [32, 86], "uv_size": [4.1875, 1.125]},
								"down": {"uv": [86, 36.125], "uv_size": [4.1875, -1.125]}
							}
						}
					]
				},
				{
					"name": "r_leg",
					"parent": "lower_torso",
					"pivot": [2.4, 20, 4]
				},
				{
					"name": "upper_leg",
					"parent": "r_leg",
					"pivot": [2.4, 21, 4],
					"cubes": [
						{
							"origin": [0.5, 10, 0.9],
							"size": [3.8, 11, 1.1],
							"uv": {
								"north": {"uv": [4, 35], "uv_size": [3.8125, 11]},
								"east": {"uv": [72, 75], "uv_size": [1.125, 11]},
								"south": {"uv": [35, 7], "uv_size": [3.8125, 11]},
								"west": {"uv": [74, 75], "uv_size": [1.125, 11]},
								"up": {"uv": [87, 58], "uv_size": [3.8125, 1.125]},
								"down": {"uv": [87, 61.125], "uv_size": [3.8125, -1.125]}
							}
						},
						{
							"origin": [0.9, 10, 1.5],
							"size": [3, 11, 3],
							"uv": {
								"north": {"uv": [14, 49], "uv_size": [3, 11]},
								"east": {"uv": [17, 49], "uv_size": [3, 11]},
								"south": {"uv": [49, 27], "uv_size": [3, 11]},
								"west": {"uv": [29, 49], "uv_size": [3, 11]},
								"up": {"uv": [5, 81], "uv_size": [3, 3]},
								"down": {"uv": [8, 84], "uv_size": [3, -3]}
							}
						},
						{
							"origin": [0.5, 10, 4],
							"size": [3.8, 11, 1.1],
							"uv": {
								"north": {"uv": [8, 35], "uv_size": [3.8125, 11]},
								"east": {"uv": [76, 0], "uv_size": [1.125, 11]},
								"south": {"uv": [12, 35], "uv_size": [3.8125, 11]},
								"west": {"uv": [76, 11], "uv_size": [1.125, 11]},
								"up": {"uv": [87, 67], "uv_size": [3.8125, 1.125]},
								"down": {"uv": [68, 88.125], "uv_size": [3.8125, -1.125]}
							}
						},
						{
							"origin": [2.85201, 10, 2.16514],
							"size": [0.87617, 11, 0.63132],
							"pivot": [-0.80971, 0, -0.78304],
							"rotation": [0, 15, 0],
							"uv": {
								"north": {"uv": [70, 76], "uv_size": [0.875, 11]},
								"east": {"uv": [83, 67], "uv_size": [0.625, 11]},
								"south": {"uv": [71, 76], "uv_size": [0.875, 11]},
								"west": {"uv": [2, 84], "uv_size": [0.625, 11]},
								"up": {"uv": [22, 92], "uv_size": [0.875, 0.625]},
								"down": {"uv": [92, 22.625], "uv_size": [0.875, -0.625]}
							}
						},
						{
							"origin": [-0.33828, 10, 5.54818],
							"size": [0.87617, 11, 0.63132],
							"pivot": [-4, 0, 2.6],
							"rotation": [0, 15, 0],
							"uv": {
								"north": {"uv": [62, 80], "uv_size": [0.875, 11]},
								"east": {"uv": [13, 84], "uv_size": [0.625, 11]},
								"south": {"uv": [63, 80], "uv_size": [0.875, 11]},
								"west": {"uv": [16, 84], "uv_size": [0.625, 11]},
								"up": {"uv": [92, 29], "uv_size": [0.875, 0.625]},
								"down": {"uv": [30, 92.625], "uv_size": [0.875, -0.625]}
							}
						},
						{
							"origin": [4.5415, 10, 3.42596],
							"size": [0.87617, 11, 0.63132],
							"pivot": [0.87978, 0, 0.47778],
							"rotation": [0, -15, 0],
							"uv": {
								"north": {"uv": [51, 77], "uv_size": [0.875, 11]},
								"east": {"uv": [5, 84], "uv_size": [0.625, 11]},
								"south": {"uv": [57, 77], "uv_size": [0.875, 11]},
								"west": {"uv": [6, 84], "uv_size": [0.625, 11]},
								"up": {"uv": [24, 92], "uv_size": [0.875, 0.625]},
								"down": {"uv": [25, 92.625], "uv_size": [0.875, -0.625]}
							}
						},
						{
							"origin": [1.35121, 10, 0.04293],
							"size": [0.87617, 11, 0.63132],
							"pivot": [-2.31051, 0, -2.90526],
							"rotation": [0, -15, 0],
							"uv": {
								"north": {"uv": [78, 78], "uv_size": [0.875, 11]},
								"east": {"uv": [9, 84], "uv_size": [0.625, 11]},
								"south": {"uv": [79, 78], "uv_size": [0.875, 11]},
								"west": {"uv": [10, 84], "uv_size": [0.625, 11]},
								"up": {"uv": [92, 27], "uv_size": [0.875, 0.625]},
								"down": {"uv": [28, 92.625], "uv_size": [0.875, -0.625]}
							}
						},
						{
							"origin": [3.4, 10, 1.5],
							"size": [1.1, 11, 3],
							"uv": {
								"north": {"uv": [76, 47], "uv_size": [1.125, 11]},
								"east": {"uv": [38, 50], "uv_size": [3, 11]},
								"south": {"uv": [52, 76], "uv_size": [1.125, 11]},
								"west": {"uv": [51, 38], "uv_size": [3, 11]},
								"up": {"uv": [82, 88], "uv_size": [1.125, 3]},
								"down": {"uv": [84, 91], "uv_size": [1.125, -3]}
							}
						},
						{
							"origin": [0.3, 10, 1.5],
							"size": [1.1, 11, 3],
							"uv": {
								"north": {"uv": [40, 76], "uv_size": [1.125, 11]},
								"east": {"uv": [32, 49], "uv_size": [3, 11]},
								"south": {"uv": [42, 76], "uv_size": [1.125, 11]},
								"west": {"uv": [35, 50], "uv_size": [3, 11]},
								"up": {"uv": [74, 88], "uv_size": [1.125, 3]},
								"down": {"uv": [80, 91], "uv_size": [1.125, -3]}
							}
						}
					]
				},
				{
					"name": "lower_leg",
					"parent": "upper_leg",
					"pivot": [2.4, 10, 3],
					"cubes": [
						{
							"origin": [0.5, 3, 1],
							"size": [3.8, 7, 1],
							"uv": {
								"north": {"uv": [14, 60], "uv_size": [3.8125, 7]},
								"east": {"uv": [69, 80], "uv_size": [1, 7]},
								"south": {"uv": [28, 60], "uv_size": [3.8125, 7]},
								"west": {"uv": [25, 82], "uv_size": [1, 7]},
								"up": {"uv": [50, 88], "uv_size": [3.8125, 1]},
								"down": {"uv": [88, 51], "uv_size": [3.8125, -1]}
							}
						},
						{
							"origin": [0.4, 3, 1.5],
							"size": [1, 7, 3],
							"uv": {
								"north": {"uv": [39, 82], "uv_size": [1, 7]},
								"east": {"uv": [28, 67], "uv_size": [3, 7]},
								"south": {"uv": [48, 82], "uv_size": [1, 7]},
								"west": {"uv": [67, 29], "uv_size": [3, 7]},
								"up": {"uv": [54, 45], "uv_size": [1, 3]},
								"down": {"uv": [28, 58], "uv_size": [1, -3]}
							}
						},
						{
							"origin": [3.4, 3, 1.5],
							"size": [1, 7, 3],
							"uv": {
								"north": {"uv": [49, 82], "uv_size": [1, 7]},
								"east": {"uv": [67, 36], "uv_size": [3, 7]},
								"south": {"uv": [54, 82], "uv_size": [1, 7]},
								"west": {"uv": [67, 43], "uv_size": [3, 7]},
								"up": {"uv": [58, 0], "uv_size": [1, 3]},
								"down": {"uv": [58, 42], "uv_size": [1, -3]}
							}
						},
						{
							"origin": [0.5, 3, 4],
							"size": [3.8, 7, 1],
							"uv": {
								"north": {"uv": [59, 60], "uv_size": [3.8125, 7]},
								"east": {"uv": [55, 82], "uv_size": [1, 7]},
								"south": {"uv": [0, 61], "uv_size": [3.8125, 7]},
								"west": {"uv": [56, 82], "uv_size": [1, 7]},
								"up": {"uv": [88, 51], "uv_size": [3.8125, 1]},
								"down": {"uv": [88, 53], "uv_size": [3.8125, -1]}
							}
						},
						{
							"origin": [0.9, 4, 1.5],
							"size": [3, 6, 3],
							"uv": {
								"north": {"uv": [7, 71], "uv_size": [3, 6]},
								"east": {"uv": [71, 21], "uv_size": [3, 6]},
								"south": {"uv": [34, 71], "uv_size": [3, 6]},
								"west": {"uv": [37, 71], "uv_size": [3, 6]},
								"up": {"uv": [11, 81], "uv_size": [3, 3]},
								"down": {"uv": [16, 84], "uv_size": [3, -3]}
							}
						}
					]
				},
				{
					"name": "stomp",
					"parent": "lower_leg",
					"pivot": [2.4, 3, 3],
					"cubes": [
						{
							"origin": [0.3, 0, 0],
							"size": [4.2, 2, 5.1],
							"uv": {
								"north": {"uv": [81, 35], "uv_size": [4.1875, 2]},
								"east": {"uv": [78, 52], "uv_size": [5.125, 2]},
								"south": {"uv": [81, 48], "uv_size": [4.1875, 2]},
								"west": {"uv": [78, 54], "uv_size": [5.125, 2]},
								"up": {"uv": [18, 66], "uv_size": [4.1875, 5.125]},
								"down": {"uv": [66, 28.125], "uv_size": [4.1875, -5.125]}
							}
						},
						{
							"origin": [0.4, 0, -3],
							"size": [4, 0.6, 8],
							"uv": {
								"north": {"uv": [89, 82], "uv_size": [4, 0.625]},
								"east": {"uv": [85, 34], "uv_size": [8, 0.625]},
								"south": {"uv": [89, 83], "uv_size": [4, 0.625]},
								"west": {"uv": [86, 14], "uv_size": [8, 0.625]},
								"up": {"uv": [0, 53], "uv_size": [4, 8]},
								"down": {"uv": [53, 27], "uv_size": [4, -8]}
							}
						},
						{
							"origin": [3.4, 2, 2],
							"size": [1, 1, 2],
							"uv": {
								"north": {"uv": [54, 76], "uv_size": [1, 1]},
								"east": {"uv": [14, 48], "uv_size": [2, 1]},
								"south": {"uv": [77, 46], "uv_size": [1, 1]},
								"west": {"uv": [49, 42], "uv_size": [2, 1]},
								"up": {"uv": [29, 47], "uv_size": [1, 2]},
								"down": {"uv": [20, 58], "uv_size": [1, -2]}
							}
						},
						{
							"origin": [0.4, 2, 2],
							"size": [1, 1, 1],
							"uv": {
								"north": {"uv": [80, 45], "uv_size": [1, 1]},
								"east": {"uv": [19, 81], "uv_size": [1, 1]},
								"south": {"uv": [43, 87], "uv_size": [1, 1]},
								"west": {"uv": [26, 88], "uv_size": [1, 1]},
								"up": {"uv": [36, 88], "uv_size": [1, 1]},
								"down": {"uv": [47, 89], "uv_size": [1, -1]}
							}
						},
						{
							"origin": [0.4, 2, 1],
							"size": [4, 1, 1],
							"uv": {
								"north": {"uv": [87, 79], "uv_size": [4, 1]},
								"east": {"uv": [57, 88], "uv_size": [1, 1]},
								"south": {"uv": [88, 6], "uv_size": [4, 1]},
								"west": {"uv": [79, 89], "uv_size": [1, 1]},
								"up": {"uv": [88, 7], "uv_size": [4, 1]},
								"down": {"uv": [88, 9], "uv_size": [4, -1]}
							}
						},
						{
							"origin": [0.3, 2, 4],
							"size": [4.2, 1, 1.1],
							"uv": {
								"north": {"uv": [57, 26], "uv_size": [4.1875, 1]},
								"east": {"uv": [78, 90], "uv_size": [1.125, 1]},
								"south": {"uv": [86, 15], "uv_size": [4.1875, 1]},
								"west": {"uv": [86, 90], "uv_size": [1.125, 1]},
								"up": {"uv": [19, 86], "uv_size": [4.1875, 1.125]},
								"down": {"uv": [86, 23.125], "uv_size": [4.1875, -1.125]}
							}
						},
						{
							"origin": [0.9, 2, 1.5],
							"size": [3, 2, 3],
							"uv": {
								"north": {"uv": [84, 60], "uv_size": [3, 2]},
								"east": {"uv": [84, 67], "uv_size": [3, 2]},
								"south": {"uv": [84, 69], "uv_size": [3, 2]},
								"west": {"uv": [84, 71], "uv_size": [3, 2]},
								"up": {"uv": [81, 16], "uv_size": [3, 3]},
								"down": {"uv": [81, 22], "uv_size": [3, -3]}
							}
						},
						{
							"origin": [0.4, 2.17087, 1.81492],
							"size": [4, 1, 1.6],
							"pivot": [-1.6, 0.17087, 2.41492],
							"rotation": [45, 0, 0],
							"uv": {
								"north": {"uv": [88, 17], "uv_size": [4, 1]},
								"east": {"uv": [90, 63], "uv_size": [1.625, 1]},
								"south": {"uv": [88, 18], "uv_size": [4, 1]},
								"west": {"uv": [68, 90], "uv_size": [1.625, 1]},
								"up": {"uv": [83, 43], "uv_size": [4, 1.625]},
								"down": {"uv": [83, 79.625], "uv_size": [4, -1.625]}
							}
						},
						{
							"origin": [0.4, 0.41133, -1.02013],
							"size": [4, 1.3, 1.9],
							"pivot": [-1.6, -1.28867, -0.32013],
							"rotation": [15, 0, 0],
							"uv": {
								"north": {"uv": [80, 84], "uv_size": [4, 1.3125]},
								"east": {"uv": [69, 21], "uv_size": [1.875, 1.3125]},
								"south": {"uv": [84, 84], "uv_size": [4, 1.3125]},
								"west": {"uv": [71, 27], "uv_size": [1.875, 1.3125]},
								"up": {"uv": [35, 82], "uv_size": [4, 1.875]},
								"down": {"uv": [44, 83.875], "uv_size": [4, -1.875]}
							}
						},
						{
							"origin": [0.4, 0.45574, -1.58878],
							"size": [4, 0.7225, 1.5734],
							"pivot": [-1.6, -1.74426, -1.21538],
							"rotation": [30, 0, 0],
							"uv": {
								"north": {"uv": [89, 25], "uv_size": [4, 0.75]},
								"east": {"uv": [90, 75], "uv_size": [1.5625, 0.75]},
								"south": {"uv": [89, 26], "uv_size": [4, 0.75]},
								"west": {"uv": [76, 90], "uv_size": [1.5625, 0.75]},
								"up": {"uv": [84, 20], "uv_size": [4, 1.5625]},
								"down": {"uv": [32, 85.5625], "uv_size": [4, -1.5625]}
							}
						},
						{
							"origin": [3.4, 2, 2],
							"size": [1, 1, 1],
							"uv": {
								"north": {"uv": [46, 91], "uv_size": [1, 1]},
								"east": {"uv": [47, 91], "uv_size": [1, 1]},
								"south": {"uv": [48, 91], "uv_size": [1, 1]},
								"west": {"uv": [49, 91], "uv_size": [1, 1]},
								"up": {"uv": [50, 91], "uv_size": [1, 1]},
								"down": {"uv": [51, 92], "uv_size": [1, -1]}
							}
						},
						{
							"origin": [0.3, 2, 3],
							"size": [4.2, 1, 2.1],
							"uv": {
								"north": {"uv": [86, 64], "uv_size": [4.1875, 1]},
								"east": {"uv": [43, 90], "uv_size": [2.125, 1]},
								"south": {"uv": [87, 69], "uv_size": [4.1875, 1]},
								"west": {"uv": [46, 90], "uv_size": [2.125, 1]},
								"up": {"uv": [82, 0], "uv_size": [4.1875, 2.125]},
								"down": {"uv": [82, 5.125], "uv_size": [4.1875, -2.125]}
							}
						}
					]
				},
				{
					"name": "upper_torso",
					"parent": "torso",
					"pivot": [0, 28.6, 3],
					"cubes": [
						{
							"origin": [-2.5, 20.8, 0.9],
							"size": [5, 10.2, 4.2],
							"uv": {
								"north": {"uv": [6, 24], "uv_size": [5, 10.1875]},
								"east": {"uv": [24, 11], "uv_size": [4.1875, 10.1875]},
								"south": {"uv": [11, 24], "uv_size": [5, 10.1875]},
								"west": {"uv": [16, 24], "uv_size": [4.1875, 10.1875]},
								"up": {"uv": [67, 50], "uv_size": [5, 4.1875]},
								"down": {"uv": [67, 59.1875], "uv_size": [5, -4.1875]}
							}
						},
						{
							"origin": [-2.8, 30.8, 0.9],
							"size": [5.6, 10.2, 4.2],
							"uv": {
								"north": {"uv": [0, 24], "uv_size": [5.625, 10.1875]},
								"east": {"uv": [21, 24], "uv_size": [4.1875, 10.1875]},
								"south": {"uv": [24, 0], "uv_size": [5.625, 10.1875]},
								"west": {"uv": [26, 22], "uv_size": [4.1875, 10.1875]},
								"up": {"uv": [50, 65], "uv_size": [5.625, 4.1875]},
								"down": {"uv": [63, 69.1875], "uv_size": [5.625, -4.1875]}
							}
						},
						{
							"origin": [-4.5, 37, 1],
							"size": [9, 4.2, 4],
							"uv": {
								"north": {"uv": [40, 33], "uv_size": [9, 4.1875]},
								"east": {"uv": [10, 72], "uv_size": [4, 4.1875]},
								"south": {"uv": [40, 38], "uv_size": [9, 4.1875]},
								"west": {"uv": [17, 72], "uv_size": [4, 4.1875]},
								"up": {"uv": [42, 43], "uv_size": [9, 4]},
								"down": {"uv": [44, 4], "uv_size": [9, -4]}
							}
						},
						{
							"origin": [-4.4, 36.9, 1.1],
							"size": [8.8, 4.5, 3.8],
							"uv": {
								"north": {"uv": [35, 23], "uv_size": [8.8125, 4.5]},
								"east": {"uv": [40, 71], "uv_size": [3.8125, 4.5]},
								"south": {"uv": [35, 28], "uv_size": [8.8125, 4.5]},
								"west": {"uv": [3, 72], "uv_size": [3.8125, 4.5]},
								"up": {"uv": [44, 11], "uv_size": [8.8125, 3.8125]},
								"down": {"uv": [44, 26.8125], "uv_size": [8.8125, -3.8125]}
							}
						},
						{
							"origin": [-5, 44.4, -3],
							"size": [4.3, 1, 1],
							"pivot": [-5.1, 6.3, -6.9],
							"rotation": [-9.96885, -34.77293, 17.12858],
							"uv": {
								"north": {"uv": [28, 90], "uv_size": [2.3125, 1]},
								"east": {"uv": [91, 22], "uv_size": [1, 1]},
								"south": {"uv": [90, 30], "uv_size": [2.3125, 1]},
								"west": {"uv": [23, 91], "uv_size": [1, 1]},
								"up": {"uv": [90, 31], "uv_size": [2.3125, 1]},
								"down": {"uv": [32, 91], "uv_size": [2.3125, -1]}
							}
						},
						{
							"origin": [-5.78062, 46.19427, -5.31781],
							"size": [2.5, 1, 1],
							"pivot": [-7.88062, 8.09427, -9.21781],
							"rotation": [-18.08705, -39.64081, 31.57876],
							"uv": {
								"north": {"uv": [86, 89], "uv_size": [2.5, 1]},
								"east": {"uv": [91, 23], "uv_size": [1, 1]},
								"south": {"uv": [89, 89], "uv_size": [2.5, 1]},
								"west": {"uv": [24, 91], "uv_size": [1, 1]},
								"up": {"uv": [90, 0], "uv_size": [2.5, 1]},
								"down": {"uv": [90, 2], "uv_size": [2.5, -1]}
							}
						},
						{
							"origin": [-7.22145, 57.08855, -18.43403],
							"size": [2.57712, 1.07519, 0.87589],
							"pivot": [-9.04433, 18.98855, -22.33403],
							"rotation": [-52.73184, -35.29889, 72.64935],
							"uv": {
								"north": {"uv": [56, 89], "uv_size": [2.5625, 1.0625]},
								"east": {"uv": [54, 91], "uv_size": [0.875, 1.0625]},
								"south": {"uv": [59, 89], "uv_size": [2.5625, 1.0625]},
								"west": {"uv": [91, 54], "uv_size": [0.875, 1.0625]},
								"up": {"uv": [37, 90], "uv_size": [2.5625, 0.875]},
								"down": {"uv": [90, 39.875], "uv_size": [2.5625, -0.875]}
							}
						},
						{
							"origin": [-5.01937, 69.73144, -24.74812],
							"size": [2.74751, 0.99208, 0.85513],
							"pivot": [-6.67186, 31.63144, -28.66889],
							"rotation": [-67.84795, -18.57043, 98.96721],
							"uv": {
								"north": {"uv": [50, 89], "uv_size": [2.75, 1]},
								"east": {"uv": [91, 58], "uv_size": [0.875, 1]},
								"south": {"uv": [53, 89], "uv_size": [2.75, 1]},
								"west": {"uv": [59, 91], "uv_size": [0.875, 1]},
								"up": {"uv": [90, 2], "uv_size": [2.75, 0.875]},
								"down": {"uv": [90, 3.875], "uv_size": [2.75, -0.875]}
							}
						},
						{
							"origin": [-3.29566, 76.54844, -25.54345],
							"size": [2.84751, 0.99208, 0.85513],
							"pivot": [-4.84815, 38.44844, -29.46421],
							"rotation": [-69.43642, -6.38632, 109.28187],
							"uv": {
								"north": {"uv": [32, 89], "uv_size": [2.875, 1]},
								"east": {"uv": [91, 59], "uv_size": [0.875, 1]},
								"south": {"uv": [35, 89], "uv_size": [2.875, 1]},
								"west": {"uv": [60, 91], "uv_size": [0.875, 1]},
								"up": {"uv": [68, 89], "uv_size": [2.875, 0.875]},
								"down": {"uv": [76, 89.875], "uv_size": [2.875, -0.875]}
							}
						},
						{
							"origin": [8.44507, 98.06862, -17.58676],
							"size": [7.84751, 0.99208, 0.85513],
							"pivot": [6.89258, 59.96862, -21.50753],
							"rotation": [-65.36398, 33.13474, 125.7439],
							"uv": {
								"north": {"uv": [81, 65], "uv_size": [7.875, 1]},
								"east": {"uv": [91, 60], "uv_size": [0.875, 1]},
								"south": {"uv": [81, 66], "uv_size": [7.875, 1]},
								"west": {"uv": [61, 91], "uv_size": [0.875, 1]},
								"up": {"uv": [83, 37], "uv_size": [7.875, 0.875]},
								"down": {"uv": [83, 38.875], "uv_size": [7.875, -0.875]}
							}
						},
						{
							"origin": [-4.8, 37.6, 0.9],
							"size": [9.6, 3.4, 4.2],
							"uv": {
								"north": {"uv": [49, 4], "uv_size": [9.625, 3.375]},
								"east": {"uv": [30, 7], "uv_size": [4.1875, 3.375]},
								"south": {"uv": [50, 15], "uv_size": [9.625, 3.375]},
								"west": {"uv": [53, 0], "uv_size": [4.1875, 3.375]},
								"up": {"uv": [16, 35], "uv_size": [9.625, 4.1875]},
								"down": {"uv": [35, 22.1875], "uv_size": [9.625, -4.1875]}
							}
						},
						{
							"origin": [3.54701, 20.69643, 0.9],
							"size": [2.8, 9, 4.2],
							"pivot": [1.94701, -0.30357, 0],
							"rotation": [0, 0, -5],
							"uv": {
								"north": {"uv": [63, 0], "uv_size": [2.8125, 9]},
								"east": {"uv": [39, 9], "uv_size": [4.1875, 9]},
								"south": {"uv": [63, 24], "uv_size": [2.8125, 9]},
								"west": {"uv": [16, 40], "uv_size": [4.1875, 9]},
								"up": {"uv": [77, 26], "uv_size": [2.8125, 4.1875]},
								"down": {"uv": [31, 81.1875], "uv_size": [2.8125, -4.1875]}
							}
						},
						{
							"origin": [1.5898, 31.38801, 0.9],
							"size": [2.8, 6.6, 4.2],
							"pivot": [-0.0102, 13.58801, 0],
							"rotation": [0, 0, -15],
							"uv": {
								"north": {"uv": [31, 70], "uv_size": [2.8125, 6.625]},
								"east": {"uv": [57, 19], "uv_size": [4.1875, 6.625]},
								"south": {"uv": [70, 36], "uv_size": [2.8125, 6.625]},
								"west": {"uv": [58, 8], "uv_size": [4.1875, 6.625]},
								"up": {"uv": [77, 41], "uv_size": [2.8125, 4.1875]},
								"down": {"uv": [44, 81.1875], "uv_size": [2.8125, -4.1875]}
							}
						},
						{
							"origin": [6.50072, 29.54251, 0.9],
							"size": [2.8, 4.8, 4.2],
							"pivot": [4.90072, 8.54251, 0],
							"rotation": [0, 0, -15],
							"uv": {
								"north": {"uv": [72, 50], "uv_size": [2.8125, 4.8125]},
								"east": {"uv": [69, 11], "uv_size": [4.1875, 4.8125]},
								"south": {"uv": [55, 72], "uv_size": [2.8125, 4.8125]},
								"west": {"uv": [69, 16], "uv_size": [4.1875, 4.8125]},
								"up": {"uv": [77, 36], "uv_size": [2.8125, 4.1875]},
								"down": {"uv": [37, 81.1875], "uv_size": [2.8125, -4.1875]}
							}
						},
						{
							"origin": [-4.3898, 31.38801, 0.9],
							"size": [2.8, 6.6, 4.2],
							"pivot": [0.0102, 13.58801, 0],
							"rotation": [0, 0, 15],
							"uv": {
								"north": {"uv": [70, 43], "uv_size": [2.8125, 6.625]},
								"east": {"uv": [58, 32], "uv_size": [4.1875, 6.625]},
								"south": {"uv": [49, 70], "uv_size": [2.8125, 6.625]},
								"west": {"uv": [41, 58], "uv_size": [4.1875, 6.625]},
								"up": {"uv": [47, 77], "uv_size": [2.8125, 4.1875]},
								"down": {"uv": [54, 81.1875], "uv_size": [2.8125, -4.1875]}
							}
						},
						{
							"origin": [-4.2, 43.3, 5.4],
							"size": [4, 1, 1],
							"pivot": [-4.78788, 43.25691, 5.6],
							"rotation": [0, 30, 0],
							"uv": {
								"north": {"uv": [52, 37], "uv_size": [2, 1]},
								"east": {"uv": [25, 91], "uv_size": [1, 1]},
								"south": {"uv": [24, 54], "uv_size": [2, 1]},
								"west": {"uv": [26, 91], "uv_size": [1, 1]},
								"up": {"uv": [56, 34], "uv_size": [2, 1]},
								"down": {"uv": [83, 81], "uv_size": [2, -1]}
							}
						},
						{
							"origin": [-4.95006, 43.1123, 5.4],
							"size": [1, 1, 1],
							"pivot": [-4.78788, 43.25691, 5.6],
							"rotation": [-8.49878, 28.87909, -17.19212],
							"uv": {
								"north": {"uv": [27, 91], "uv_size": [1, 1]},
								"east": {"uv": [28, 91], "uv_size": [1, 1]},
								"south": {"uv": [29, 91], "uv_size": [1, 1]},
								"west": {"uv": [30, 91], "uv_size": [1, 1]},
								"up": {"uv": [32, 91], "uv_size": [1, 1]},
								"down": {"uv": [33, 92], "uv_size": [1, -1]}
							}
						},
						{
							"origin": [-5.72314, 43.12513, 5.4],
							"size": [1, 1, 1],
							"pivot": [-4.78788, 43.25691, 5.6],
							"rotation": [-16.10211, 25.65891, -33.69007],
							"uv": {
								"north": {"uv": [34, 91], "uv_size": [1, 1]},
								"east": {"uv": [91, 35], "uv_size": [1, 1]},
								"south": {"uv": [91, 36], "uv_size": [1, 1]},
								"west": {"uv": [37, 91], "uv_size": [1, 1]},
								"up": {"uv": [91, 37], "uv_size": [1, 1]},
								"down": {"uv": [38, 92], "uv_size": [1, -1]}
							}
						},
						{
							"origin": [-6.46656, 43.33761, 5.4],
							"size": [1, 1, 1],
							"pivot": [-4.78788, 43.25691, 5.6],
							"rotation": [-22.20765, 20.70481, -49.10661],
							"uv": {
								"north": {"uv": [91, 38], "uv_size": [1, 1]},
								"east": {"uv": [39, 91], "uv_size": [1, 1]},
								"south": {"uv": [40, 91], "uv_size": [1, 1]},
								"west": {"uv": [41, 91], "uv_size": [1, 1]},
								"up": {"uv": [91, 41], "uv_size": [1, 1]},
								"down": {"uv": [42, 92], "uv_size": [1, -1]}
							}
						},
						{
							"origin": [-9.22042, 43.59345, 5.83524],
							"size": [3, 1, 1],
							"pivot": [-5.54174, 43.51275, 6.03524],
							"rotation": [-30, 0, -90],
							"uv": {
								"north": {"uv": [74, 26], "uv_size": [3, 1]},
								"east": {"uv": [91, 42], "uv_size": [1, 1]},
								"south": {"uv": [89, 27], "uv_size": [3, 1]},
								"west": {"uv": [43, 91], "uv_size": [1, 1]},
								"up": {"uv": [89, 28], "uv_size": [3, 1]},
								"down": {"uv": [89, 30], "uv_size": [3, -1]}
							}
						},
						{
							"origin": [-8.63968, 41.04288, 6.0773],
							"size": [2, 1, 1],
							"pivot": [-5.961, 40.96218, 6.2773],
							"rotation": [-26.56505, -14.47751, -116.56505],
							"uv": {
								"north": {"uv": [52, 87], "uv_size": [2, 1]},
								"east": {"uv": [91, 43], "uv_size": [1, 1]},
								"south": {"uv": [29, 89], "uv_size": [2, 1]},
								"west": {"uv": [44, 91], "uv_size": [1, 1]},
								"up": {"uv": [90, 48], "uv_size": [2, 1]},
								"down": {"uv": [49, 91], "uv_size": [2, -1]}
							}
						},
						{
							"origin": [-10.32746, 39.44899, 5.95477],
							"size": [3.9, 1, 1],
							"pivot": [-5.74878, 39.36829, 6.15477],
							"rotation": [-13.71217, -26.94622, -151.69995],
							"uv": {
								"north": {"uv": [19, 88], "uv_size": [3.875, 1]},
								"east": {"uv": [91, 44], "uv_size": [1, 1]},
								"south": {"uv": [88, 19], "uv_size": [3.875, 1]},
								"west": {"uv": [45, 91], "uv_size": [1, 1]},
								"up": {"uv": [88, 20], "uv_size": [3.875, 1]},
								"down": {"uv": [88, 22], "uv_size": [3.875, -1]}
							}
						}
					]
				},
				{
					"name": "Coat",
					"parent": "upper_torso",
					"pivot": [0, 0, 0]
				},
				{
					"name": "bone",
					"parent": "Coat",
					"pivot": [-3, 24, 0]
				},
				{
					"name": "bone2",
					"parent": "Coat",
					"pivot": [4, 25, 0.4]
				},
				{
					"name": "r_arm",
					"parent": "upper_torso",
					"pivot": [-5.3, 39.3, 3]
				},
				{
					"name": "arm",
					"parent": "r_arm",
					"pivot": [-6.3, 30.3, 4]
				},
				{
					"name": "forearm",
					"parent": "arm",
					"pivot": [-6.3, 19.3, 4]
				},
				{
					"name": "fingers",
					"parent": "forearm",
					"pivot": [-7.3, 16.3, 3]
				},
				{
					"name": "fingers2",
					"parent": "fingers",
					"pivot": [-7.3, 16.3, 3]
				},
				{
					"name": "knife",
					"parent": "forearm",
					"pivot": [-6.5, 15.7, 0.8]
				},
				{
					"name": "l_arm",
					"parent": "upper_torso",
					"pivot": [5.3, 39.3, 3]
				},
				{
					"name": "shoulder",
					"parent": "l_arm",
					"pivot": [0.3, 1.3, -0.1],
					"cubes": [
						{
							"origin": [4.8, 37.4, 1.1],
							"size": [3.5, 3.5, 3.8],
							"uv": {
								"north": {"uv": [74, 22], "uv_size": [3.5, 3.5]},
								"east": {"uv": [72, 55], "uv_size": [3.8125, 3.5]},
								"south": {"uv": [76, 58], "uv_size": [3.5, 3.5]},
								"west": {"uv": [72, 59], "uv_size": [3.8125, 3.5]},
								"up": {"uv": [72, 63], "uv_size": [3.5, 3.8125]},
								"down": {"uv": [72, 70.8125], "uv_size": [3.5, -3.8125]}
							}
						},
						{
							"origin": [4.8, 37.4, 1.2],
							"size": [3.4, 3.6, 3.6],
							"uv": {
								"north": {"uv": [2, 77], "uv_size": [3.375, 3.625]},
								"east": {"uv": [73, 43], "uv_size": [3.625, 3.625]},
								"south": {"uv": [6, 77], "uv_size": [3.375, 3.625]},
								"west": {"uv": [44, 73], "uv_size": [3.625, 3.625]},
								"up": {"uv": [10, 77], "uv_size": [3.375, 3.625]},
								"down": {"uv": [16, 80.625], "uv_size": [3.375, -3.625]}
							}
						},
						{
							"origin": [5, 29.5, 1.3],
							"size": [3.1, 8, 3.4],
							"uv": {
								"north": {"uv": [63, 33], "uv_size": [3.125, 8]},
								"east": {"uv": [10, 57], "uv_size": [3.375, 8]},
								"south": {"uv": [63, 41], "uv_size": [3.125, 8]},
								"west": {"uv": [51, 57], "uv_size": [3.375, 8]},
								"up": {"uv": [78, 0], "uv_size": [3.125, 3.375]},
								"down": {"uv": [78, 7.375], "uv_size": [3.125, -3.375]}
							}
						},
						{
							"origin": [5.1, 29.6, 1.2],
							"size": [2.9, 6.8, 3.6],
							"uv": {
								"north": {"uv": [59, 67], "uv_size": [2.875, 6.8125]},
								"east": {"uv": [65, 9], "uv_size": [3.625, 6.8125]},
								"south": {"uv": [0, 68], "uv_size": [2.875, 6.8125]},
								"west": {"uv": [10, 65], "uv_size": [3.625, 6.8125]},
								"up": {"uv": [50, 19], "uv_size": [2.875, 3.625]},
								"down": {"uv": [78, 19.625], "uv_size": [2.875, -3.625]}
							}
						},
						{
							"origin": [-2.659, 39.25174, 1.3],
							"size": [1.5, 1.5, 3.4],
							"pivot": [-9.159, 3.15174, -0.1],
							"rotation": [0, 0, 15],
							"uv": {
								"north": {"uv": [14, 89], "uv_size": [1.5, 1.5]},
								"east": {"uv": [27, 85], "uv_size": [3.375, 1.5]},
								"south": {"uv": [0, 90], "uv_size": [1.5, 1.5]},
								"west": {"uv": [85, 28], "uv_size": [3.375, 1.5]},
								"up": {"uv": [85, 30], "uv_size": [1.5, 3.375]},
								"down": {"uv": [58, 88.375], "uv_size": [1.5, -3.375]}
							}
						},
						{
							"origin": [5.2, 36.09415, 10.97471],
							"size": [2.9, 1.5, 1],
							"pivot": [0.5, -0.00585, 6.77471],
							"rotation": [15, 0, 0],
							"uv": {
								"north": {"uv": [87, 39], "uv_size": [2.875, 1.5]},
								"east": {"uv": [16, 74], "uv_size": [1, 1.5]},
								"south": {"uv": [40, 87], "uv_size": [2.875, 1.5]},
								"west": {"uv": [2, 75], "uv_size": [1, 1.5]},
								"up": {"uv": [44, 89], "uv_size": [2.875, 1]},
								"down": {"uv": [47, 90], "uv_size": [2.875, -1]}
							}
						},
						{
							"origin": [5, 38.47528, -5.46122],
							"size": [3.1, 1.5, 0.8],
							"pivot": [0.3, 2.37528, -9.66122],
							"rotation": [-15, 0, 0],
							"uv": {
								"north": {"uv": [80, 86], "uv_size": [3.125, 1.5]},
								"east": {"uv": [30, 87], "uv_size": [0.8125, 1.5]},
								"south": {"uv": [84, 86], "uv_size": [3.125, 1.5]},
								"west": {"uv": [71, 89], "uv_size": [0.8125, 1.5]},
								"up": {"uv": [89, 65], "uv_size": [3.125, 0.8125]},
								"down": {"uv": [89, 66.8125], "uv_size": [3.125, -0.8125]}
							}
						}
					]
				},
				{
					"name": "arm2",
					"parent": "l_arm",
					"pivot": [6.3, 31.3, 3],
					"cubes": [
						{
							"origin": [5.1, 20.5, 1.4],
							"size": [2.9, 9.1, 3.2],
							"uv": {
								"north": {"uv": [32, 60], "uv_size": [2.875, 9.125]},
								"east": {"uv": [54, 35], "uv_size": [3.1875, 9.125]},
								"south": {"uv": [35, 61], "uv_size": [2.875, 9.125]},
								"west": {"uv": [24, 55], "uv_size": [3.1875, 9.125]},
								"up": {"uv": [80, 37], "uv_size": [2.875, 3.1875]},
								"down": {"uv": [80, 44.1875], "uv_size": [2.875, -3.1875]}
							}
						}
					]
				},
				{
					"name": "forearm2",
					"parent": "arm2",
					"pivot": [6.3, 19.3, 2.5],
					"rotation": [0, 180, 0],
					"cubes": [
						{
							"origin": [4.7, 19.5, 0.3],
							"size": [2.4, 1, 3.3],
							"uv": {
								"north": {"uv": [90, 4], "uv_size": [2.375, 1]},
								"east": {"uv": [88, 53], "uv_size": [3.3125, 1]},
								"south": {"uv": [90, 5], "uv_size": [2.375, 1]},
								"west": {"uv": [88, 76], "uv_size": [3.3125, 1]},
								"up": {"uv": [82, 6], "uv_size": [2.375, 3.3125]},
								"down": {"uv": [82, 13.3125], "uv_size": [2.375, -3.3125]}
							}
						},
						{
							"origin": [4.9, 17.5, 0.3],
							"size": [2, 2, 3.1],
							"uv": {
								"north": {"uv": [24, 22], "uv_size": [2, 2]},
								"east": {"uv": [44, 84], "uv_size": [3.125, 2]},
								"south": {"uv": [14, 46], "uv_size": [2, 2]},
								"west": {"uv": [84, 45], "uv_size": [3.125, 2]},
								"up": {"uv": [29, 18], "uv_size": [2, 3.125]},
								"down": {"uv": [49, 41.125], "uv_size": [2, -3.125]}
							}
						},
						{
							"origin": [6.1, 16.2, 2.7],
							"size": [0.8, 1.3, 0.7],
							"uv": {
								"north": {"uv": [22, 90], "uv_size": [0.8125, 1.3125]},
								"east": {"uv": [56, 91], "uv_size": [0.6875, 1.3125]},
								"south": {"uv": [55, 90], "uv_size": [0.8125, 1.3125]},
								"west": {"uv": [91, 56], "uv_size": [0.6875, 1.3125]},
								"up": {"uv": [92, 15], "uv_size": [0.8125, 0.6875]},
								"down": {"uv": [92, 16.6875], "uv_size": [0.8125, -0.6875]}
							}
						},
						{
							"origin": [5.73678, 15.1562, 2.7],
							"size": [0.8, 1, 0.7],
							"pivot": [6.87931, 14.84364, 1.4],
							"rotation": [0, 0, 15.5],
							"uv": {
								"north": {"uv": [91, 61], "uv_size": [0.8125, 1]},
								"east": {"uv": [91, 78], "uv_size": [0.6875, 1]},
								"south": {"uv": [91, 64], "uv_size": [0.8125, 1]},
								"west": {"uv": [79, 91], "uv_size": [0.6875, 1]},
								"up": {"uv": [92, 17], "uv_size": [0.8125, 0.6875]},
								"down": {"uv": [92, 18.6875], "uv_size": [0.8125, -0.6875]}
							}
						}
					]
				},
				{
					"name": "fingers3",
					"parent": "forearm2",
					"pivot": [5.3, 16.3, 1.5],
					"cubes": [
						{
							"origin": [4.9, 16, 0.4],
							"size": [0.7, 1.5, 2.9],
							"uv": {
								"north": {"uv": [14, 91], "uv_size": [0.6875, 1.5]},
								"east": {"uv": [87, 0], "uv_size": [2.875, 1.5]},
								"south": {"uv": [15, 91], "uv_size": [0.6875, 1.5]},
								"west": {"uv": [87, 2], "uv_size": [2.875, 1.5]},
								"up": {"uv": [23, 66], "uv_size": [0.6875, 2.875]},
								"down": {"uv": [66, 31.875], "uv_size": [0.6875, -2.875]}
							}
						},
						{
							"origin": [5.54065, 16.02948, 0.4],
							"size": [0.7, 1.8, 2.9],
							"pivot": [6.3, 17.4, -1.5],
							"rotation": [0, 0, 29],
							"uv": {
								"north": {"uv": [48, 75], "uv_size": [0.6875, 1.8125]},
								"east": {"uv": [85, 6], "uv_size": [2.875, 1.8125]},
								"south": {"uv": [75, 50], "uv_size": [0.6875, 1.8125]},
								"west": {"uv": [85, 8], "uv_size": [2.875, 1.8125]},
								"up": {"uv": [49, 66], "uv_size": [0.6875, 2.875]},
								"down": {"uv": [17, 69.875], "uv_size": [0.6875, -2.875]}
							}
						}
					]
				},
				{
					"name": "fingers4",
					"parent": "fingers3",
					"pivot": [5.3, 16.3, 1.5],
					"cubes": [
						{
							"origin": [5, 14.7, 0.4],
							"size": [0.6, 1.3, 0.4],
							"uv": {
								"north": {"uv": [62, 91], "uv_size": [0.625, 1.3125]},
								"east": {"uv": [92, 45], "uv_size": [0.375, 1.3125]},
								"south": {"uv": [63, 91], "uv_size": [0.625, 1.3125]},
								"west": {"uv": [46, 92], "uv_size": [0.375, 1.3125]},
								"up": {"uv": [59, 92], "uv_size": [0.625, 0.375]},
								"down": {"uv": [92, 59.375], "uv_size": [0.625, -0.375]}
							}
						},
						{
							"origin": [5.77256, 13.76614, 0.4],
							"size": [0.5, 1.4, 0.4],
							"pivot": [6.2267, 13.54019, -1.2],
							"rotation": [0, 0, -31],
							"uv": {
								"north": {"uv": [80, 91], "uv_size": [0.5, 1.375]},
								"east": {"uv": [34, 92], "uv_size": [0.375, 1.375]},
								"south": {"uv": [81, 91], "uv_size": [0.5, 1.375]},
								"west": {"uv": [35, 92], "uv_size": [0.375, 1.375]},
								"up": {"uv": [92, 73], "uv_size": [0.5, 0.375]},
								"down": {"uv": [92, 74.375], "uv_size": [0.5, -0.375]}
							}
						},
						{
							"origin": [5, 14.7, 1.2],
							"size": [0.6, 1.3, 0.4],
							"uv": {
								"north": {"uv": [64, 91], "uv_size": [0.625, 1.3125]},
								"east": {"uv": [47, 92], "uv_size": [0.375, 1.3125]},
								"south": {"uv": [65, 91], "uv_size": [0.625, 1.3125]},
								"west": {"uv": [92, 47], "uv_size": [0.375, 1.3125]},
								"up": {"uv": [60, 92], "uv_size": [0.625, 0.375]},
								"down": {"uv": [92, 60.375], "uv_size": [0.625, -0.375]}
							}
						},
						{
							"origin": [5.77256, 13.76614, 1.2],
							"size": [0.5, 1.4, 0.4],
							"pivot": [6.2267, 13.54019, -0.4],
							"rotation": [0, 0, -31],
							"uv": {
								"north": {"uv": [82, 91], "uv_size": [0.5, 1.375]},
								"east": {"uv": [92, 35], "uv_size": [0.375, 1.375]},
								"south": {"uv": [83, 91], "uv_size": [0.5, 1.375]},
								"west": {"uv": [36, 92], "uv_size": [0.375, 1.375]},
								"up": {"uv": [92, 75], "uv_size": [0.5, 0.375]},
								"down": {"uv": [92, 76.375], "uv_size": [0.5, -0.375]}
							}
						},
						{
							"origin": [5, 14.7, 2.1],
							"size": [0.6, 1.3, 0.4],
							"uv": {
								"north": {"uv": [66, 91], "uv_size": [0.625, 1.3125]},
								"east": {"uv": [48, 92], "uv_size": [0.375, 1.3125]},
								"south": {"uv": [67, 91], "uv_size": [0.625, 1.3125]},
								"west": {"uv": [49, 92], "uv_size": [0.375, 1.3125]},
								"up": {"uv": [61, 92], "uv_size": [0.625, 0.375]},
								"down": {"uv": [92, 61.375], "uv_size": [0.625, -0.375]}
							}
						},
						{
							"origin": [5.77256, 13.76614, 2.1],
							"size": [0.5, 1.4, 0.4],
							"pivot": [6.2267, 13.54019, 0.5],
							"rotation": [0, 0, -31],
							"uv": {
								"north": {"uv": [84, 91], "uv_size": [0.5, 1.375]},
								"east": {"uv": [37, 92], "uv_size": [0.375, 1.375]},
								"south": {"uv": [85, 91], "uv_size": [0.5, 1.375]},
								"west": {"uv": [92, 37], "uv_size": [0.375, 1.375]},
								"up": {"uv": [92, 77], "uv_size": [0.5, 0.375]},
								"down": {"uv": [78, 92.375], "uv_size": [0.5, -0.375]}
							}
						},
						{
							"origin": [5.77256, 13.76614, 2.9],
							"size": [0.5, 1.4, 0.4],
							"pivot": [6.2267, 13.54019, 1.3],
							"rotation": [0, 0, -31],
							"uv": {
								"north": {"uv": [86, 91], "uv_size": [0.5, 1.375]},
								"east": {"uv": [38, 92], "uv_size": [0.375, 1.375]},
								"south": {"uv": [87, 91], "uv_size": [0.5, 1.375]},
								"west": {"uv": [39, 92], "uv_size": [0.375, 1.375]},
								"up": {"uv": [92, 78], "uv_size": [0.5, 0.375]},
								"down": {"uv": [79, 92.375], "uv_size": [0.5, -0.375]}
							}
						},
						{
							"origin": [5, 14.7, 2.9],
							"size": [0.6, 1.3, 0.4],
							"uv": {
								"north": {"uv": [91, 67], "uv_size": [0.625, 1.3125]},
								"east": {"uv": [92, 49], "uv_size": [0.375, 1.3125]},
								"south": {"uv": [68, 91], "uv_size": [0.625, 1.3125]},
								"west": {"uv": [50, 92], "uv_size": [0.375, 1.3125]},
								"up": {"uv": [92, 62], "uv_size": [0.625, 0.375]},
								"down": {"uv": [92, 63.375], "uv_size": [0.625, -0.375]}
							}
						}
					]
				},
				{
					"name": "head",
					"parent": "upper_torso",
					"pivot": [0, 40.7, 3.8],
					"cubes": [
						{
							"origin": [-2.5, 41.5, 0.1],
							"size": [5, 7, 6],
							"uv": {
								"north": {"uv": [21, 40], "uv_size": [5, 7]},
								"east": {"uv": [29, 11], "uv_size": [6, 7]},
								"south": {"uv": [44, 4], "uv_size": [5, 7]},
								"west": {"uv": [30, 0], "uv_size": [6, 7]},
								"up": {"uv": [44, 27], "uv_size": [5, 6]},
								"down": {"uv": [53, 14], "uv_size": [5, -6]}
							}
						},
						{
							"origin": [-2.8, 48.5, 0.1],
							"size": [5.6, 12, 0],
							"uv": {
								"north": {"uv": [6, 12], "uv_size": [5.625, 12]},
								"east": {"uv": [0, 0], "uv_size": [0, 12]},
								"south": {"uv": [12, 12], "uv_size": [5.625, 12]},
								"west": {"uv": [0, 0], "uv_size": [0, 12]},
								"up": {"uv": [0, 0], "uv_size": [5.625, 0]},
								"down": {"uv": [0, 0], "uv_size": [5.625, 0]}
							}
						},
						{
							"origin": [-2.8, 48.5, 6.1],
							"size": [5.6, 12, 0],
							"uv": {
								"north": {"uv": [18, 0], "uv_size": [5.625, 12]},
								"east": {"uv": [0, 0], "uv_size": [0, 12]},
								"south": {"uv": [18, 12], "uv_size": [5.625, 12]},
								"west": {"uv": [0, 0], "uv_size": [0, 12]},
								"up": {"uv": [0, 0], "uv_size": [5.625, 0]},
								"down": {"uv": [0, 0], "uv_size": [5.625, 0]}
							}
						},
						{
							"origin": [11.21617, 50.09499, 2.4],
							"size": [6, 12, 0],
							"pivot": [14.21617, 8.59499, 3.1],
							"rotation": [0, 90, -15],
							"uv": {
								"north": {"uv": [0, 0], "uv_size": [6, 12]},
								"east": {"uv": [0, 0], "uv_size": [0, 12]},
								"south": {"uv": [6, 0], "uv_size": [6, 12]},
								"west": {"uv": [0, 0], "uv_size": [0, 12]},
								"up": {"uv": [0, 0], "uv_size": [6, 0]},
								"down": {"uv": [0, 0], "uv_size": [6, 0]}
							}
						},
						{
							"origin": [-2.8, 41.8, 0.6],
							"size": [5.6, 6.7, 5],
							"uv": {
								"north": {"uv": [30, 42], "uv_size": [5.625, 6.6875]},
								"east": {"uv": [45, 15], "uv_size": [5, 6.6875]},
								"south": {"uv": [36, 43], "uv_size": [5.625, 6.6875]},
								"west": {"uv": [0, 46], "uv_size": [5, 6.6875]},
								"up": {"uv": [56, 27], "uv_size": [5.625, 5]},
								"down": {"uv": [4, 62], "uv_size": [5.625, -5]}
							}
						},
						{
							"origin": [-1.5, 39.6, 1.6],
							"size": [3, 3, 3],
							"uv": {
								"north": {"uv": [81, 26], "uv_size": [3, 3]},
								"east": {"uv": [81, 29], "uv_size": [3, 3]},
								"south": {"uv": [81, 32], "uv_size": [3, 3]},
								"west": {"uv": [81, 45], "uv_size": [3, 3]},
								"up": {"uv": [81, 56], "uv_size": [3, 3]},
								"down": {"uv": [81, 62], "uv_size": [3, -3]}
							}
						},
						{
							"origin": [-2, 42.2, 2.1],
							"size": [4, 1, 1],
							"uv": {
								"north": {"uv": [88, 9], "uv_size": [4, 1]},
								"east": {"uv": [91, 15], "uv_size": [1, 1]},
								"south": {"uv": [88, 10], "uv_size": [4, 1]},
								"west": {"uv": [21, 91], "uv_size": [1, 1]},
								"up": {"uv": [88, 11], "uv_size": [4, 1]},
								"down": {"uv": [88, 13], "uv_size": [4, -1]}
							}
						},
						{
							"origin": [-17.21617, 50.09499, 2.4],
							"size": [6, 12, 0],
							"pivot": [-14.21617, 8.59499, 3.1],
							"rotation": [0, -90, 15],
							"uv": {
								"north": {"uv": [0, 12], "uv_size": [6, 12]},
								"east": {"uv": [0, 0], "uv_size": [0, 12]},
								"south": {"uv": [12, 0], "uv_size": [6, 12]},
								"west": {"uv": [0, 0], "uv_size": [0, 12]},
								"up": {"uv": [0, 0], "uv_size": [6, 0]},
								"down": {"uv": [0, 0], "uv_size": [6, 0]}
							}
						}
					]
				},
				{
					"name": "Ear",
					"parent": "head",
					"pivot": [3.6, 42.4, 3],
					"rotation": [180, 0, 11]
				},
				{
					"name": "Ear2",
					"parent": "head",
					"pivot": [5.6, 42.4, 3],
					"rotation": [180, 0, 11]
				},
				{
					"name": "r_arm2",
					"parent": "upper_torso",
					"pivot": [-5, 39, 3],
					"cubes": [
						{
							"origin": [1.159, 39.25174, 1.3],
							"size": [1.5, 1.5, 3.4],
							"pivot": [9.159, 3.15174, -0.1],
							"rotation": [0, 0, -15],
							"uv": {
								"north": {"uv": [44, 71], "uv_size": [1.5, 1.5]},
								"east": {"uv": [85, 24], "uv_size": [3.375, 1.5]},
								"south": {"uv": [78, 56], "uv_size": [1.5, 1.5]},
								"west": {"uv": [85, 26], "uv_size": [3.375, 1.5]},
								"up": {"uv": [63, 9], "uv_size": [1.5, 3.375]},
								"down": {"uv": [14, 88.375], "uv_size": [1.5, -3.375]}
							}
						},
						{
							"origin": [-8.3, 37.4, 1.1],
							"size": [3.5, 3.5, 3.8],
							"uv": {
								"north": {"uv": [62, 76], "uv_size": [3.5, 3.5]},
								"east": {"uv": [68, 72], "uv_size": [3.8125, 3.5]},
								"south": {"uv": [76, 62], "uv_size": [3.5, 3.5]},
								"west": {"uv": [72, 71], "uv_size": [3.8125, 3.5]},
								"up": {"uv": [73, 27], "uv_size": [3.5, 3.8125]},
								"down": {"uv": [73, 34.8125], "uv_size": [3.5, -3.8125]}
							}
						},
						{
							"origin": [-8.1, 38.47528, -5.66122],
							"size": [3.1, 1.5, 1],
							"pivot": [-0.3, 2.37528, -9.66122],
							"rotation": [-15, 0, 0],
							"uv": {
								"north": {"uv": [44, 86], "uv_size": [3.125, 1.5]},
								"east": {"uv": [17, 70], "uv_size": [1, 1.5]},
								"south": {"uv": [86, 48], "uv_size": [3.125, 1.5]},
								"west": {"uv": [55, 70], "uv_size": [1, 1.5]},
								"up": {"uv": [86, 88], "uv_size": [3.125, 1]},
								"down": {"uv": [88, 87], "uv_size": [3.125, -1]}
							}
						},
						{
							"origin": [-8.1, 36.09415, 10.97471],
							"size": [2.9, 1.5, 1],
							"pivot": [-0.5, -0.00585, 6.77471],
							"rotation": [15, 0, 0],
							"uv": {
								"north": {"uv": [87, 30], "uv_size": [2.875, 1.5]},
								"east": {"uv": [58, 72], "uv_size": [1, 1.5]},
								"south": {"uv": [87, 32], "uv_size": [2.875, 1.5]},
								"west": {"uv": [48, 73], "uv_size": [1, 1.5]},
								"up": {"uv": [38, 89], "uv_size": [2.875, 1]},
								"down": {"uv": [41, 90], "uv_size": [2.875, -1]}
							}
						},
						{
							"origin": [-8.2, 37.4, 1.2],
							"size": [3.4, 3.6, 3.6],
							"uv": {
								"north": {"uv": [66, 76], "uv_size": [3.375, 3.625]},
								"east": {"uv": [73, 35], "uv_size": [3.625, 3.625]},
								"south": {"uv": [76, 66], "uv_size": [3.375, 3.625]},
								"west": {"uv": [73, 39], "uv_size": [3.625, 3.625]},
								"up": {"uv": [76, 70], "uv_size": [3.375, 3.625]},
								"down": {"uv": [76, 77.625], "uv_size": [3.375, -3.625]}
							}
						},
						{
							"origin": [-8.1, 29.5, 1.3],
							"size": [3.1, 8, 3.4],
							"uv": {
								"north": {"uv": [63, 49], "uv_size": [3.125, 8]},
								"east": {"uv": [20, 58], "uv_size": [3.375, 8]},
								"south": {"uv": [63, 57], "uv_size": [3.125, 8]},
								"west": {"uv": [46, 58], "uv_size": [3.375, 8]},
								"up": {"uv": [78, 8], "uv_size": [3.125, 3.375]},
								"down": {"uv": [78, 15.375], "uv_size": [3.125, -3.375]}
							}
						},
						{
							"origin": [-8, 29.6, 1.2],
							"size": [2.9, 6.8, 3.6],
							"uv": {
								"north": {"uv": [69, 65], "uv_size": [2.875, 6.8125]},
								"east": {"uv": [65, 16], "uv_size": [3.625, 6.8125]},
								"south": {"uv": [70, 29], "uv_size": [2.875, 6.8125]},
								"west": {"uv": [24, 65], "uv_size": [3.625, 6.8125]},
								"up": {"uv": [78, 20], "uv_size": [2.875, 3.625]},
								"down": {"uv": [78, 49.625], "uv_size": [2.875, -3.625]}
							}
						},
						{
							"origin": [1.159, 39.25174, 1.3],
							"size": [1.5, 1.5, 3.4],
							"pivot": [9.159, 3.15174, -0.1],
							"rotation": [0, 0, -15],
							"uv": {
								"north": {"uv": [90, 32], "uv_size": [1.5, 1.5]},
								"east": {"uv": [85, 80], "uv_size": [3.375, 1.5]},
								"south": {"uv": [35, 90], "uv_size": [1.5, 1.5]},
								"west": {"uv": [85, 82], "uv_size": [3.375, 1.5]},
								"up": {"uv": [60, 85], "uv_size": [1.5, 3.375]},
								"down": {"uv": [0, 89.375], "uv_size": [1.5, -3.375]}
							}
						}
					]
				},
				{
					"name": "prearm",
					"parent": "r_arm2",
					"pivot": [-7, 29.5, 3],
					"cubes": [
						{
							"origin": [-8, 20.5, 1.4],
							"size": [2.9, 9.1, 3.2],
							"uv": {
								"north": {"uv": [38, 61], "uv_size": [2.875, 9.125]},
								"east": {"uv": [55, 45], "uv_size": [3.1875, 9.125]},
								"south": {"uv": [4, 62], "uv_size": [2.875, 9.125]},
								"west": {"uv": [55, 55], "uv_size": [3.1875, 9.125]},
								"up": {"uv": [80, 67], "uv_size": [2.875, 3.1875]},
								"down": {"uv": [80, 74.1875], "uv_size": [2.875, -3.1875]}
							}
						}
					]
				},
				{
					"name": "hand",
					"parent": "prearm",
					"pivot": [-6.6, 20, 3.8],
					"rotation": [0, 180, 0],
					"cubes": [
						{
							"origin": [-7.7, 19.5, 2.9],
							"size": [2.4, 1, 3.3],
							"uv": {
								"north": {"uv": [19, 90], "uv_size": [2.375, 1]},
								"east": {"uv": [88, 84], "uv_size": [3.3125, 1]},
								"south": {"uv": [25, 90], "uv_size": [2.375, 1]},
								"west": {"uv": [88, 85], "uv_size": [3.3125, 1]},
								"up": {"uv": [19, 82], "uv_size": [2.375, 3.3125]},
								"down": {"uv": [22, 85.3125], "uv_size": [2.375, -3.3125]}
							}
						},
						{
							"origin": [-7.5, 17.5, 2.9],
							"size": [2, 2, 3.1],
							"uv": {
								"north": {"uv": [52, 35], "uv_size": [2, 2]},
								"east": {"uv": [84, 50], "uv_size": [3.125, 2]},
								"south": {"uv": [56, 32], "uv_size": [2, 2]},
								"west": {"uv": [84, 52], "uv_size": [3.125, 2]},
								"up": {"uv": [60, 15], "uv_size": [2, 3.125]},
								"down": {"uv": [18, 63.125], "uv_size": [2, -3.125]}
							}
						},
						{
							"origin": [-7.5, 16.2, 5.3],
							"size": [0.8, 1.3, 0.7],
							"uv": {
								"north": {"uv": [70, 90], "uv_size": [0.8125, 1.3125]},
								"east": {"uv": [57, 91], "uv_size": [0.6875, 1.3125]},
								"south": {"uv": [90, 90], "uv_size": [0.8125, 1.3125]},
								"west": {"uv": [58, 91], "uv_size": [0.6875, 1.3125]},
								"up": {"uv": [92, 19], "uv_size": [0.8125, 0.6875]},
								"down": {"uv": [92, 20.6875], "uv_size": [0.8125, -0.6875]}
							}
						},
						{
							"origin": [-7.13678, 15.1562, 5.3],
							"size": [0.8, 1, 0.7],
							"pivot": [-7.47931, 14.84364, 4],
							"rotation": [0, 0, -15.5],
							"uv": {
								"north": {"uv": [91, 72], "uv_size": [0.8125, 1]},
								"east": {"uv": [91, 79], "uv_size": [0.6875, 1]},
								"south": {"uv": [78, 91], "uv_size": [0.8125, 1]},
								"west": {"uv": [88, 91], "uv_size": [0.6875, 1]},
								"up": {"uv": [21, 92], "uv_size": [0.8125, 0.6875]},
								"down": {"uv": [92, 21.6875], "uv_size": [0.8125, -0.6875]}
							}
						},
						{
							"origin": [-6.2, 16, 3],
							"size": [0.7, 1.5, 2.9],
							"uv": {
								"north": {"uv": [19, 91], "uv_size": [0.6875, 1.5]},
								"east": {"uv": [87, 4], "uv_size": [2.875, 1.5]},
								"south": {"uv": [20, 91], "uv_size": [0.6875, 1.5]},
								"west": {"uv": [27, 87], "uv_size": [2.875, 1.5]},
								"up": {"uv": [31, 67], "uv_size": [0.6875, 2.875]},
								"down": {"uv": [62, 69.875], "uv_size": [0.6875, -2.875]}
							}
						},
						{
							"origin": [-6.84065, 16.02948, 3],
							"size": [0.7, 1.8, 2.9],
							"pivot": [-6.9, 17.4, 1.1],
							"rotation": [0, 0, -29],
							"uv": {
								"north": {"uv": [75, 52], "uv_size": [0.6875, 1.8125]},
								"east": {"uv": [85, 10], "uv_size": [2.875, 1.8125]},
								"south": {"uv": [24, 86], "uv_size": [0.6875, 1.8125]},
								"west": {"uv": [85, 12], "uv_size": [2.875, 1.8125]},
								"up": {"uv": [3, 68], "uv_size": [0.6875, 2.875]},
								"down": {"uv": [23, 71.875], "uv_size": [0.6875, -2.875]}
							}
						},
						{
							"origin": [-6.2, 14.7, 3],
							"size": [0.6, 1.3, 0.4],
							"uv": {
								"north": {"uv": [69, 91], "uv_size": [0.625, 1.3125]},
								"east": {"uv": [51, 92], "uv_size": [0.375, 1.3125]},
								"south": {"uv": [71, 91], "uv_size": [0.625, 1.3125]},
								"west": {"uv": [92, 51], "uv_size": [0.375, 1.3125]},
								"up": {"uv": [92, 64], "uv_size": [0.625, 0.375]},
								"down": {"uv": [92, 67.375], "uv_size": [0.625, -0.375]}
							}
						},
						{
							"origin": [-6.87256, 13.76614, 3],
							"size": [0.5, 1.4, 0.4],
							"pivot": [-6.8267, 13.5402, 1.4],
							"rotation": [0, 0, 31],
							"uv": {
								"north": {"uv": [89, 91], "uv_size": [0.5, 1.375]},
								"east": {"uv": [40, 92], "uv_size": [0.375, 1.375]},
								"south": {"uv": [91, 90], "uv_size": [0.5, 1.375]},
								"west": {"uv": [41, 92], "uv_size": [0.375, 1.375]},
								"up": {"uv": [92, 79], "uv_size": [0.5, 0.375]},
								"down": {"uv": [92, 84.375], "uv_size": [0.5, -0.375]}
							}
						},
						{
							"origin": [-6.2, 14.7, 3.8],
							"size": [0.6, 1.3, 0.4],
							"uv": {
								"north": {"uv": [72, 91], "uv_size": [0.625, 1.3125]},
								"east": {"uv": [52, 92], "uv_size": [0.375, 1.3125]},
								"south": {"uv": [73, 91], "uv_size": [0.625, 1.3125]},
								"west": {"uv": [53, 92], "uv_size": [0.375, 1.3125]},
								"up": {"uv": [92, 68], "uv_size": [0.625, 0.375]},
								"down": {"uv": [92, 69.375], "uv_size": [0.625, -0.375]}
							}
						},
						{
							"origin": [-6.87256, 13.76614, 3.8],
							"size": [0.5, 1.4, 0.4],
							"pivot": [-6.8267, 13.5402, 2.2],
							"rotation": [0, 0, 31],
							"uv": {
								"north": {"uv": [0, 92], "uv_size": [0.5, 1.375]},
								"east": {"uv": [92, 41], "uv_size": [0.375, 1.375]},
								"south": {"uv": [1, 92], "uv_size": [0.5, 1.375]},
								"west": {"uv": [42, 92], "uv_size": [0.375, 1.375]},
								"up": {"uv": [92, 85], "uv_size": [0.5, 0.375]},
								"down": {"uv": [92, 86.375], "uv_size": [0.5, -0.375]}
							}
						},
						{
							"origin": [-6.2, 14.7, 4.7],
							"size": [0.6, 1.3, 0.4],
							"uv": {
								"north": {"uv": [74, 91], "uv_size": [0.625, 1.3125]},
								"east": {"uv": [92, 53], "uv_size": [0.375, 1.3125]},
								"south": {"uv": [75, 91], "uv_size": [0.625, 1.3125]},
								"west": {"uv": [55, 92], "uv_size": [0.375, 1.3125]},
								"up": {"uv": [70, 92], "uv_size": [0.625, 0.375]},
								"down": {"uv": [92, 70.375], "uv_size": [0.625, -0.375]}
							}
						},
						{
							"origin": [-6.87256, 13.76614, 4.7],
							"size": [0.5, 1.4, 0.4],
							"pivot": [-6.8267, 13.5402, 3.1],
							"rotation": [0, 0, 31],
							"uv": {
								"north": {"uv": [92, 6], "uv_size": [0.5, 1.375]},
								"east": {"uv": [43, 92], "uv_size": [0.375, 1.375]},
								"south": {"uv": [92, 8], "uv_size": [0.5, 1.375]},
								"west": {"uv": [92, 43], "uv_size": [0.375, 1.375]},
								"up": {"uv": [92, 87], "uv_size": [0.5, 0.375]},
								"down": {"uv": [88, 92.375], "uv_size": [0.5, -0.375]}
							}
						},
						{
							"origin": [-6.87256, 13.76614, 5.5],
							"size": [0.5, 1.4, 0.4],
							"pivot": [-6.8267, 13.5402, 3.9],
							"rotation": [0, 0, 31],
							"uv": {
								"north": {"uv": [92, 10], "uv_size": [0.5, 1.375]},
								"east": {"uv": [44, 92], "uv_size": [0.375, 1.375]},
								"south": {"uv": [92, 12], "uv_size": [0.5, 1.375]},
								"west": {"uv": [45, 92], "uv_size": [0.375, 1.375]},
								"up": {"uv": [92, 88], "uv_size": [0.5, 0.375]},
								"down": {"uv": [92, 89.375], "uv_size": [0.5, -0.375]}
							}
						},
						{
							"origin": [-6.2, 14.7, 5.5],
							"size": [0.6, 1.3, 0.4],
							"uv": {
								"north": {"uv": [76, 91], "uv_size": [0.625, 1.3125]},
								"east": {"uv": [92, 55], "uv_size": [0.375, 1.3125]},
								"south": {"uv": [77, 91], "uv_size": [0.625, 1.3125]},
								"west": {"uv": [92, 57], "uv_size": [0.375, 1.3125]},
								"up": {"uv": [92, 71], "uv_size": [0.625, 0.375]},
								"down": {"uv": [92, 72.375], "uv_size": [0.625, -0.375]}
							}
						}
					]
				}
			]
		}
	]
}