{
  "format_version": "1.13.0",
  "minecraft:entity": {
    "description": {
      "identifier": "bps:container_entity",
      "is_spawnable": true,
      "is_summonable": true,
      "is_experimental": false
    },
	"component_groups":{		
		"despawn":{
			"minecraft:instant_despawn":{}
		},
		
		"open":{
		"minecraft:is_sheared":{},
		"minecraft:timer": {
		"looping": false,
		"time": [
			0.05,
			0.05
		],
		"randomInterval": false,
		"time_down_event": {
			"event": "close",
			"target": "self"
		}
		}
		},
		
		"small":{
		"minecraft:inventory":{
		"container_type": "inventory",
		"inventory_size": 16,
		"private": false
			}	
		},
		"medium":{
		"minecraft:inventory":{
		"container_type": "inventory",
		"inventory_size": 32,
		"private": false
			}	
		},
		"big":{
		"minecraft:inventory":{
		"container_type": "inventory",
		"inventory_size": 42,
		"private": false
			}	
		},
		"xl":{
		"minecraft:inventory":{
		"container_type": "inventory",
		"inventory_size": 63,
		"private": false
			}	
		}
	},
	
    "components": {
		"minecraft:entity_sensor": {
		"sensor_range": 5,
		"relative_range": false,
		"minimum_count": 1,
		"event_filters": {
			"any_of":[
			{
			"all_of": [
				{
                "test": "is_family",
                "subject": "other",
                "value": "player"
				},
				{"test": "has_container_open","subject": "other"}
			]
			}
			]
		},
		"event": "open"
		},
		"minecraft:tick_world":{
	  "never_despawn": true,
		"radius": 1
		},
		"minecraft:inventory":{
		"container_type": "inventory",
		"inventory_size": 63,
		"private": false
			},
		"minecraft:damage_sensor": {
        "triggers": {
          "cause": "*",
          "deals_damage": false
        }
      },
		"minecraft:persistent":{},
	"minecraft:fire_immune": true,
	"minecraft:health": {
        "value": 1,
        "max": 1
      },
	  "minecraft:collision_box":{
	  "height": 0.3,
	  "width": 0.5
	  },
	  "minecraft:nameable":{
	  "allow_name_tag_renaming": false,
	  "always_show": false
	  },
	  "minecraft:knockback_resistance": {
        "value": 1
      },
	  "minecraft:physics": {
		"has_collision": true,
	    "has_gravity": false
      }
    },
	"events":{
		"despawn":{
			"add":{"component_groups":["despawn"]},
			"run_command":{
				"command": "effect @s Nausea 1 11 true"
			}
		},
		"despawn2":{
			"add":{"component_groups":["despawn"]}
		},
		"open":{
		"sequence":[
		{
		"add":{"component_groups":["open"]},
			"run_command":{
				"command": "tag @s add open"
			}
		}
		]
		},
		"close":{
		"remove":{"component_groups":["open"]},
			"run_command":{
				"command": ["effect @s Nausea 1 11 true","tag @s remove open"]
			}
		},
		"check":{
			"add":{"component_groups":["check"]}
		},
		"small":{
			"add":{"component_groups":["small"]}
		},
		"medium":{
			"add":{"component_groups":["medium"]}
		},
		"big":{
			"add":{"component_groups":["big"]}
		},
		"xl":{
			"add":{"component_groups":["xl"]}
		}
	}
  }
}
