{
  "format_version": "1.12",
  "minecraft:recipe_shaped": {
    "description": {
    "identifier": "vatonage:custom_enchantment_table"
    },

    
    "tags": [ "crafting_table" ],
    "pattern": [
      " D ",
      "ACA",
      "BBB"
    ],
    "key": {
      "A": {
        "item": "minecraft:netherite_ingot"
      },
      "B": {
        "item": "minecraft:obsidian"
      },
      "C": {
        "item": "minecraft:enchanting_table"
      },
      "D": {
        "item": "minecraft:diamond_block"
      }
    },
    "result": {
      "item": "vatonage:custom_enchantment_table"
    }
  }
}
