{
  "format_version": "1.8.0",
  "minecraft:entity": {
    "description": {
      "identifier": "pa:mech_ravager",
      "is_spawnable": true,
      "is_summonable": true,
      "is_experimental": false
    },
    "component_groups": {},
    "components": {
      "minecraft:type_family": {
        "family": [
          "ravaging"
        ]
      },
      "minecraft:breathable": {
        "totalSupply": 15,
        "suffocateTime": 0
      },
      "minecraft:collision_box": {
        "height": 1.8,
        "width": 1.0
      },
      "minecraft:fall_damage": {
        "value": 0.0
      },
      "minecraft:can_power_jump": {},
      "minecraft:horse.jump_strength": {
        "value": {
          "range_min": 0.6,
          "range_max": 0.6
        }
      },
      "minecraft:movement": {
        "value": 0.25,
        "max": 0.25
      },
      "minecraft:navigation.walk": {
        "can_path_over_water": true
      },
      "minecraft:movement.basic": {},
      "minecraft:jump.static": {},
      "minecraft:health": {
        "value": 100,
        "max": 100
      },
      "minecraft:nameable": {
        "alwaysShow": false,
        "allowNameTagRenaming": false
      },
      "minecraft:fire_immune": true,
      "minecraft:inventory": {
        "inventory_size": 23,
        "container_type": "container",
        "private": false
      },
      "minecraft:rideable": {
        "seat_count": 2,
        "crouching_skip_interact": true,
        "controlling_seat": 0,
        "family_types": [
          "player",
          "illager"
        ],
        "interact_text": "Mount",
        "pull_in_entities": true,
        "seats": [
          {
            "position": [
              0.0,
              2.0,
              0.0
            ],
            "min_rider_count": 0,
            "max_rider_count": 2
          },
          {
            "position": [
              0.0,
              2.3,
              -0.5
            ],
            "min_rider_count": 1,
            "max_rider_count": 2
          }
        ]
      },
      "minecraft:input_ground_controlled": {},
      "minecraft:physics": {},
      "minecraft:experience_reward": {
        "on_death": "query.last_hit_by_player ? 10 : 0"
      },
      "minecraft:underwater_movement": {
        "value": 0.03
      },
      "minecraft:scale": {
        "value": 2
      },
      "minecraft:addrider": {
        "entity_type": "pillager"
      },
      "minecraft:knockback_resistance": {
        "value": 1.0,
        "max": 1.0
      },
      "minecraft:on_death": {
        "event": "on:death",
        "target": "self"
      },
      "minecraft:on_hurt": {
        "event": "on:hurt",
        "target": "self"
      },
      "minecraft:on_hurt_by_player": {
        "event": "on:hurt_by_player",
        "target": "self"
      },
      "minecraft:on_ignite": {
        "event": "on:ignite",
        "target": "self"
      },
      "minecraft:on_target_acquired": {
        "event": "on:target_acquired",
        "target": "self"
      },
      "minecraft:on_target_escape": {
        "event": "on:target_escape",
        "target": "self"
      },
      "minecraft:on_wake_with_owner": {
        "event": "on:wake_with_owner",
        "target": "self"
      },
      "minecraft:can_climb": {},
      "minecraft:loot": {
        "table": "loot_tables/entities/mech_ravager.json"
      }
    },
    "events": {
      "on:death": {
        "run_command": {
          "command": []
        }
      },
      "on:hurt": {
        "run_command": {
          "command": []
        }
      },
      "on:hurt_by_player": {
        "run_command": {
          "command": []
        }
      },
      "on:ignite": {
        "run_command": {
          "command": []
        }
      },
      "on:target_acquired": {
        "run_command": {
          "command": []
        }
      },
      "on:target_escape": {
        "run_command": {
          "command": []
        }
      },
      "on:wake_with_owner": {
        "run_command": {
          "command": []
        }
      }
    }
  }
}