{
  "format_version": "1.8.0",
  "minecraft:entity": {
    "description": {
      "identifier": "pa:mech_rabbit",
      "is_spawnable": true,
      "is_summonable": true,
      "is_experimental": false
    },
    "component_groups": {},
    "components": {
      "minecraft:type_family": {
        "family": [
          "rabbit"
        ]
      },
      "minecraft:breathable": {
        "totalSupply": 15,
        "suffocateTime": 0
      },
      "minecraft:collision_box": {
        "height": 1.8,
        "width": 1.0
      },
      "minecraft:fall_damage": {
        "value": 0.0
      },
      "minecraft:can_power_jump": {},
      "minecraft:horse.jump_strength": {
        "value": {
          "range_min": 2.7,
          "range_max": 2.7
        }
      },
      "minecraft:movement": {
        "value": 0.35,
        "max": 0.35
      },
      "minecraft:navigation.walk": {
        "can_path_over_water": true
      },
      "minecraft:movement.basic": {},
      "minecraft:jump.static": {},
      "minecraft:health": {
        "value": 25,
        "max": 25
      },
      "minecraft:nameable": {
        "alwaysShow": false,
        "allowNameTagRenaming": false
      },
      "minecraft:fire_immune": true,
      "minecraft:inventory": {
        "inventory_size": 15,
        "container_type": "container",
        "private": false
      },
      "minecraft:rideable": {
        "priority": 0,
        "seat_count": 1,
        "crouching_skip_interact": true,
        "family_types": [
          "player"
        ],
        "interact_text": "Mount",
        "seats": [
          {
            "position": [
              0,
              1.2,
              -0.1
            ]
          }
        ],
        "pull_in_entities": false
      },
      "minecraft:input_ground_controlled": {},
      "minecraft:physics": {},
      "minecraft:experience_reward": {
        "on_death": "query.last_hit_by_player ? 10 : 0"
      },
      "minecraft:underwater_movement": {
        "value": 0.03
      },
      "minecraft:scale": {
        "value": 2
      },
      "minecraft:addrider": {
        "entity_type": null
      },
      "minecraft:knockback_resistance": {
        "value": 1.0,
        "max": 1.0
      },
      "minecraft:break_blocks": {
        "breakable_blocks": [
          "chiseled_deepslate",
          "cobbled_deepslate",
          "cracked_deepslate_bricks",
          "cracked_deepslate_tiles",
          "deepslate",
          "deepslate_bricks",
          "deepslate_coal_ore",
          "deepslate_tiles",
          "infested_deepslate",
          "polished_deepslate",
          "blackstone",
          "chiseled_polished_blackstone",
          "cracked_polished_blackstone_bricks",
          "monster_egg",
          "mossy_cobblestone",
          "polished_blackstone",
          "polished_blackstone_bricks",
          "smooth_stone",
          "stone",
          "stonebrick"
        ]
      },
      "minecraft:on_death": {
        "event": "on:death",
        "target": "self"
      },
      "minecraft:on_hurt": {
        "event": "on:hurt",
        "target": "self"
      },
      "minecraft:on_hurt_by_player": {
        "event": "on:hurt_by_player",
        "target": "self"
      },
      "minecraft:on_ignite": {
        "event": "on:ignite",
        "target": "self"
      },
      "minecraft:on_target_acquired": {
        "event": "on:target_acquired",
        "target": "self"
      },
      "minecraft:on_target_escape": {
        "event": "on:target_escape",
        "target": "self"
      },
      "minecraft:on_wake_with_owner": {
        "event": "on:wake_with_owner",
        "target": "self"
      },
      "minecraft:can_climb": {},
      "minecraft:loot": {
        "table": "loot_tables/entities/mech_creeper.json"
      }
    },
    "events": {
      "on:death": {
        "run_command": {
          "command": []
        }
      },
      "on:hurt": {
        "run_command": {
          "command": []
        }
      },
      "on:hurt_by_player": {
        "run_command": {
          "command": []
        }
      },
      "on:ignite": {
        "run_command": {
          "command": []
        }
      },
      "on:target_acquired": {
        "run_command": {
          "command": []
        }
      },
      "on:target_escape": {
        "run_command": {
          "command": []
        }
      },
      "on:wake_with_owner": {
        "run_command": {
          "command": []
        }
      }
    }
  }
}