{
  "format_version": "1.13.0",
  "minecraft:scatter_feature": {
    "description": {
      "identifier": "minecraft:scatter_lavender_feature"
    },
    "iterations": 90,
    "x": {
      "distribution": "gaussian",
      "extent": [ -8, 8 ]
    },
    "y": {
      "distribution": "gaussian",
      "extent": [ -4, 4 ]
    },
    "z": {
      "distribution": "gaussian",
      "extent": [ -8, 8 ]
    },
    "coordinate_eval_order": "zyx",
    "places_feature": "minecraft:lavender_feature"
  }
}