{
  "format_version": "1.12.0",
  "minecraft:spawn_rules": {
    "description": {
      "identifier": "tm:node",
      "population_control": "monster"
    },
    "conditions": [
      {
        "minecraft:spawns_on_surface": {},
        "minecraft:brightness_filter": {
          "min": 0,
          "max": 15,
          "adjust_for_weather": false
        },
        "minecraft:biome_filter": {
          "all_of": [
            {
              "test": "has_biome_tag",
              "value": "overworld"
            }
          ]
        },
        "minecraft:weight": {
          "default": 100
        },
        "minecraft:herd": {
          "min_size": 1,
          "max_size": 1
        }
      }
    ]
  }
}