{
	"format_version": "1.12.0",
	"minecraft:geometry": [
		{
			"description": {
				"identifier": "geometry.mech_creeper",
				"texture_width": 112,
				"texture_height": 112,
				"visible_bounds_width": 5,
				"visible_bounds_height": 3.5,
				"visible_bounds_offset": [0, 1.25, 0]
			},
			"bones": [
				{
					"name": "body",
					"pivot": [0, 24, 0],
					"cubes": [
						{"origin": [-6, 20, -9], "size": [12, 8, 18], "uv": [0, 31]},
						{"origin": [-4, 28, -3], "size": [8, 8, 8], "inflate": 0.1, "uv": [20, 57]},
						{"origin": [-10, 28, 1], "size": [20, 4, 8], "uv": [42, 0]},
						{"origin": [-16, 28, 2], "size": [6, 2, 6], "pivot": [-10, 30, 5], "rotation": [0, 0, -30], "uv": [75, 20]},
						{"origin": [10, 28, 2], "size": [6, 2, 6], "pivot": [10, 30, 5], "rotation": [0, 0, 30], "uv": [0, 77]},
						{"origin": [-4, 20, 9], "size": [8, 16, 4], "uv": [52, 61]},
						{"origin": [-5, 27, -13], "size": [10, 9, 22], "pivot": [0, 36, 9], "rotation": [20, 0, 0], "uv": [0, 0]},
						{"origin": [-3, 16, -6], "size": [6, 4, 16], "uv": [44, 41]}
					]
				},
				{
					"name": "rightArm",
					"parent": "body",
					"pivot": [-6, 26, 5],
					"rotation": [0, 0, 15],
					"mirror": true,
					"cubes": [
						{"origin": [-10, 16, 3], "size": [4, 12, 4], "pivot": [-8, 26, 5], "rotation": [50, 0, 0], "uv": [0, 31], "mirror": false},
						{"origin": [-9, 16, 7], "size": [2, 4, 4], "pivot": [-8, 26, 5], "rotation": [50, 0, 0], "uv": [0, 85], "mirror": false},
						{"origin": [-9, 16, -13], "size": [2, 4, 16], "pivot": [-8, 26, 5], "rotation": [50, 0, 0], "uv": [48, 15], "mirror": false},
						{"origin": [-10, 17, -14], "size": [4, 2, 6], "pivot": [-8, 26, 5], "rotation": [50, 0, 0], "uv": [68, 83], "mirror": false}
					]
				},
				{
					"name": "leftArm",
					"parent": "body",
					"pivot": [6, 26, 5],
					"rotation": [0, 0, -15],
					"mirror": true,
					"cubes": [
						{"origin": [6, 16, 3], "size": [4, 12, 4], "pivot": [8, 26, 5], "rotation": [50, 0, 0], "uv": [52, 81], "mirror": false},
						{"origin": [7, 16, 7], "size": [2, 4, 4], "pivot": [8, 26, 5], "rotation": [50, 0, 0], "uv": [86, 28], "mirror": false},
						{"origin": [7, 16, -13], "size": [2, 4, 16], "pivot": [8, 26, 5], "rotation": [50, 0, 0], "uv": [0, 57], "mirror": false},
						{"origin": [6, 17, -14], "size": [4, 2, 6], "pivot": [8, 26, 5], "rotation": [50, 0, 0], "uv": [42, 12], "mirror": false}
					]
				},
				{
					"name": "rightLeg",
					"parent": "body",
					"pivot": [-3, 17, 3],
					"cubes": [
						{"origin": [-7, 10, 1], "size": [4, 10, 6], "inflate": 0.1, "pivot": [-5, 18, 3], "rotation": [-40, 0, 0], "uv": [72, 35]},
						{"origin": [-6, 0, 0], "size": [2, 12, 4], "uv": [20, 81]},
						{"origin": [-7, 0, -1], "size": [4, 2, 6], "uv": [76, 61]},
						{"origin": [-8, 0, -5], "size": [6, 0, 14], "uv": [28, 35]}
					]
				},
				{
					"name": "leftLeg",
					"parent": "body",
					"pivot": [3, 17, 3],
					"mirror": true,
					"cubes": [
						{"origin": [3, 10, 1], "size": [4, 10, 6], "inflate": 0.1, "pivot": [5, 18, 3], "rotation": [-40, 0, 0], "uv": [0, 0], "mirror": false},
						{"origin": [4, 0, 0], "size": [2, 12, 4], "uv": [0, 57], "mirror": false},
						{"origin": [3, 0, -1], "size": [4, 2, 6], "uv": [70, 75], "mirror": false},
						{"origin": [2, 0, -5], "size": [6, 0, 14], "uv": [54, 12], "mirror": false}
					]
				}
			]
		}
	]
}