{
  "format_version": "1.12.0",
  "minecraft:geometry": [
    {
      "description": {
        "identifier": "geometry.mech_rabbit",
        "texture_width": 80,
        "texture_height": 80,
        "visible_bounds_width": 3,
        "visible_bounds_height": 3.5,
        "visible_bounds_offset": [
          0,
          1.25,
          0
        ]
      },
      "bones": [
        {
          "name": "body",
          "pivot": [
            0,
            24,
            0
          ],
          "cubes": [
            {
              "origin": [
                -3.0,
                18.0,
                -10.0
              ],
              "size": [
                6.0,
                8.0,
                6.0
              ],
              "uv": [
                38,
                44
              ],
              "inflate": 0
            },
            {
              "origin": [
                -5.0,
                24.0,
                5.0
              ],
              "size": [
                3.0,
                10.0,
                2.0
              ],
              "pivot": [
                -2.0,
                24.0,
                -6.0
              ],
              "rotation": [
                0.0,
                0.0,
                -25.0
              ],
              "uv": [
                30,
                22
              ],
              "inflate": 0
            },
            {
              "origin": [
                2.0,
                24.0,
                5.0
              ],
              "size": [
                3.0,
                10.0,
                2.0
              ],
              "pivot": [
                2.0,
                24.0,
                -6.0
              ],
              "rotation": [
                0.0,
                0.0,
                25.0
              ],
              "uv": [
                36,
                0
              ],
              "inflate": 0
            },
            {
              "origin": [
                -2.0,
                19.0,
                8.0
              ],
              "size": [
                4.0,
                4.0,
                6.0
              ],
              "pivot": [
                0.0,
                23.0,
                8.0
              ],
              "rotation": [
                -35.0,
                0.0,
                0.0
              ],
              "uv": [
                20,
                52
              ],
              "inflate": 0
            },
            {
              "origin": [
                -5.0,
                18.0,
                -8.0
              ],
              "size": [
                10.0,
                6.0,
                16.0
              ],
              "uv": [
                0,
                0
              ],
              "inflate": 0
            },
            {
              "origin": [
                -3.0,
                16.0,
                -10.0
              ],
              "size": [
                6.0,
                2.0,
                18.0
              ],
              "uv": [
                0,
                22
              ],
              "inflate": 0
            },
            {
              "origin": [
                -9.0,
                19.0,
                3.0
              ],
              "size": [
                18.0,
                4.0,
                4.0
              ],
              "uv": [
                0,
                42
              ],
              "inflate": 0
            },
            {
              "origin": [
                -4.0,
                24.0,
                4.0
              ],
              "size": [
                8.0,
                6.0,
                4.0
              ],
              "pivot": [
                0.0,
                24.0,
                4.0
              ],
              "rotation": [
                -35.0,
                0.0,
                0.0
              ],
              "uv": [
                56,
                38
              ],
              "inflate": 0
            }
          ]
        },
        {
          "name": "rightLeg",
          "pivot": [
            -5,
            17,
            0
          ],
          "cubes": [
            {
              "origin": [
                -7.0,
                9.0,
                -2.0
              ],
              "size": [
                4.0,
                11.0,
                6.0
              ],
              "pivot": [
                -5.0,
                18.0,
                0.0
              ],
              "rotation": [
                -35.0,
                0.0,
                0.0
              ],
              "uv": [
                52,
                16
              ],
              "inflate": 0
            },
            {
              "origin": [
                -6.0,
                0.0,
                -2.0
              ],
              "size": [
                2.0,
                13.0,
                3.0
              ],
              "pivot": [
                -5.0,
                10.5,
                -0.5
              ],
              "rotation": [
                20.0,
                0.0,
                0.0
              ],
              "uv": [
                0,
                22
              ],
              "inflate": 0
            },
            {
              "origin": [
                -7.0,
                0.0,
                -9.0
              ],
              "size": [
                4.0,
                2.0,
                14.0
              ],
              "uv": [
                36,
                0
              ],
              "inflate": 0
            }
          ],
          "parent": "body"
        },
        {
          "name": "leftLeg",
          "pivot": [
            5,
            17,
            0
          ],
          "cubes": [
            {
              "origin": [
                3.0,
                9.0,
                -2.0
              ],
              "size": [
                4.0,
                11.0,
                6.0
              ],
              "pivot": [
                5.0,
                18.0,
                0.0
              ],
              "rotation": [
                -35.0,
                0.0,
                0.0
              ],
              "uv": [
                0,
                50
              ],
              "inflate": 0,
              "mirror": false
            },
            {
              "origin": [
                4.0,
                0.0,
                -2.0
              ],
              "size": [
                2.0,
                13.0,
                3.0
              ],
              "pivot": [
                -5.0,
                10.5,
                -0.5
              ],
              "rotation": [
                20.0,
                0.0,
                0.0
              ],
              "uv": [
                0,
                0
              ],
              "inflate": 0,
              "mirror": false
            },
            {
              "origin": [
                3.0,
                0.0,
                -9.0
              ],
              "size": [
                4.0,
                2.0,
                14.0
              ],
              "uv": [
                30,
                22
              ],
              "inflate": 0,
              "mirror": false
            }
          ],
          "parent": "body",
          "mirror": true
        }
      ]
    }
  ]
}