{
  "format_version": "1.12.0",
  "minecraft:geometry": [
    {
      "description": {
        "identifier": "geometry.mech_ravager",
        "texture_width": 144,
        "texture_height": 144,
        "visible_bounds_width": 5,
        "visible_bounds_height": 5.5,
        "visible_bounds_offset": [
          0,
          2.25,
          0
        ]
      },
      "bones": [
        {
          "name": "body",
          "pivot": [
            0,
            37,
            0
          ],
          "cubes": [
            {
              "origin": [
                -5.0,
                35.0,
                -9.0
              ],
              "size": [
                10.0,
                14.0,
                24.0
              ],
              "pivot": [
                0.0,
                41.0,
                3.0
              ],
              "rotation": [
                25.0,
                0.0,
                0.0
              ],
              "uv": [
                0,
                38
              ],
              "inflate": 0
            },
            {
              "origin": [
                -7.0,
                48.0,
                5.0
              ],
              "size": [
                2.0,
                14.0,
                4.0
              ],
              "pivot": [
                0.0,
                54.0,
                3.0
              ],
              "rotation": [
                25.0,
                0.0,
                0.0
              ],
              "uv": [
                0,
                120
              ],
              "inflate": 0
            },
            {
              "origin": [
                5.0,
                48.0,
                5.0
              ],
              "size": [
                2.0,
                14.0,
                4.0
              ],
              "pivot": [
                12.0,
                54.0,
                3.0
              ],
              "rotation": [
                25.0,
                0.0,
                0.0
              ],
              "uv": [
                108,
                68
              ],
              "inflate": 0
            },
            {
              "origin": [
                -10.0,
                33.0,
                -7.0
              ],
              "size": [
                20.0,
                14.0,
                24.0
              ],
              "pivot": [
                0.0,
                41.0,
                3.0
              ],
              "rotation": [
                25.0,
                0.0,
                0.0
              ],
              "uv": [
                0,
                0
              ],
              "inflate": 0
            },
            {
              "origin": [
                -4.0,
                34.0,
                11.0
              ],
              "size": [
                8.0,
                16.0,
                8.0
              ],
              "pivot": [
                0.0,
                42.0,
                15.0
              ],
              "rotation": [
                25.0,
                0.0,
                0.0
              ],
              "uv": [
                96,
                0
              ],
              "inflate": 0
            },
            {
              "origin": [
                -6.0,
                28.0,
                -2.0
              ],
              "size": [
                12.0,
                12.0,
                14.0
              ],
              "uv": [
                0,
                76
              ],
              "inflate": 0
            },
            {
              "origin": [
                -3.0,
                22.0,
                -2.0
              ],
              "size": [
                6.0,
                6.0,
                14.0
              ],
              "uv": [
                76,
                42
              ],
              "inflate": 0
            }
          ]
        },
        {
          "name": "rightArm",
          "pivot": [
            -10,
            46,
            6
          ],
          "cubes": [
            {
              "origin": [
                -18.0,
                35.0,
                3.0
              ],
              "size": [
                8.0,
                18.0,
                8.0
              ],
              "uv": [
                52,
                80
              ],
              "inflate": 0,
              "mirror": false
            },
            {
              "origin": [
                -17.0,
                27.0,
                4.0
              ],
              "size": [
                6.0,
                8.0,
                6.0
              ],
              "uv": [
                64,
                0
              ],
              "inflate": 0,
              "mirror": false
            },
            {
              "origin": [
                -16.0,
                28.0,
                -12.0
              ],
              "size": [
                4.0,
                4.0,
                28.0
              ],
              "pivot": [
                -14.0,
                30.0,
                7.0
              ],
              "rotation": [
                45.0,
                0.0,
                0.0
              ],
              "uv": [
                60,
                10
              ],
              "inflate": 0,
              "mirror": false
            },
            {
              "origin": [
                -17.0,
                27.0,
                -14.0
              ],
              "size": [
                6.0,
                6.0,
                12.0
              ],
              "pivot": [
                -14.0,
                30.0,
                7.0
              ],
              "rotation": [
                45.0,
                0.0,
                0.0
              ],
              "uv": [
                104,
                50
              ],
              "inflate": 0,
              "mirror": false
            }
          ],
          "parent": "body",
          "mirror": true
        },
        {
          "name": "leftArm",
          "pivot": [
            10,
            46,
            7
          ],
          "parent": "body",
          "mirror": true
        },
        {
          "name": "rightArm2",
          "pivot": [
            10,
            46,
            7
          ],
          "cubes": [
            {
              "origin": [
                10.0,
                35.0,
                3.0
              ],
              "size": [
                8.0,
                18.0,
                8.0
              ],
              "uv": [
                84,
                80
              ],
              "inflate": 0,
              "mirror": false
            },
            {
              "origin": [
                11.0,
                27.0,
                4.0
              ],
              "size": [
                6.0,
                8.0,
                6.0
              ],
              "uv": [
                44,
                42
              ],
              "inflate": 0,
              "mirror": false
            },
            {
              "origin": [
                12.0,
                28.0,
                -12.0
              ],
              "size": [
                4.0,
                4.0,
                28.0
              ],
              "pivot": [
                14.0,
                30.0,
                7.0
              ],
              "rotation": [
                45.0,
                0.0,
                0.0
              ],
              "uv": [
                40,
                48
              ],
              "inflate": 0,
              "mirror": false
            },
            {
              "origin": [
                11.0,
                27.0,
                -14.0
              ],
              "size": [
                6.0,
                6.0,
                12.0
              ],
              "pivot": [
                14.0,
                30.0,
                7.0
              ],
              "rotation": [
                45.0,
                0.0,
                0.0
              ],
              "uv": [
                0,
                102
              ],
              "inflate": 0,
              "mirror": false
            }
          ],
          "parent": "leftArm",
          "mirror": true
        },
        {
          "name": "rightLeg",
          "pivot": [
            -3,
            25,
            6
          ],
          "cubes": [
            {
              "origin": [
                -9.0,
                15.0,
                4.0
              ],
              "size": [
                6.0,
                15.0,
                7.0
              ],
              "pivot": [
                -6.0,
                26.0,
                6.0
              ],
              "rotation": [
                -30.0,
                0.0,
                0.0
              ],
              "uv": [
                94,
                110
              ],
              "inflate": 0.1
            },
            {
              "origin": [
                -8.0,
                0.0,
                3.0
              ],
              "size": [
                4.0,
                20.0,
                4.0
              ],
              "uv": [
                0,
                38
              ],
              "inflate": 0
            },
            {
              "origin": [
                -9.0,
                0.0,
                2.0
              ],
              "size": [
                6.0,
                5.0,
                6.0
              ],
              "uv": [
                96,
                24
              ],
              "inflate": 0
            },
            {
              "origin": [
                -8.0,
                0.0,
                -2.0
              ],
              "size": [
                4.0,
                4.0,
                12.0
              ],
              "uv": [
                36,
                106
              ],
              "inflate": 0
            }
          ],
          "parent": "body"
        },
        {
          "name": "leftLeg",
          "pivot": [
            3,
            25,
            6
          ],
          "cubes": [
            {
              "origin": [
                3.0,
                15.0,
                4.0
              ],
              "size": [
                6.0,
                15.0,
                7.0
              ],
              "pivot": [
                6.0,
                26.0,
                6.0
              ],
              "rotation": [
                -30.0,
                0.0,
                0.0
              ],
              "uv": [
                68,
                106
              ],
              "inflate": 0.1,
              "mirror": false
            },
            {
              "origin": [
                4.0,
                0.0,
                3.0
              ],
              "size": [
                4.0,
                20.0,
                4.0
              ],
              "uv": [
                0,
                0
              ],
              "inflate": 0,
              "mirror": false
            },
            {
              "origin": [
                3.0,
                0.0,
                2.0
              ],
              "size": [
                6.0,
                5.0,
                6.0
              ],
              "uv": [
                76,
                62
              ],
              "inflate": 0,
              "mirror": false
            },
            {
              "origin": [
                4.0,
                0.0,
                -2.0
              ],
              "size": [
                4.0,
                4.0,
                12.0
              ],
              "uv": [
                104,
                94
              ],
              "inflate": 0,
              "mirror": false
            }
          ],
          "parent": "body",
          "mirror": true
        }
      ]
    }
  ]
}