{
  "playmate:count": {
    "category": "music",
    "sounds": [
      "sounds/knock_knock/count"
    ]
  },
  "playmate:over": {
    "category": "music",
    "sounds": [
      "sounds/knock_knock/over"
    ]
  },
  "playmate:spotted": {
    "category": "music",
    "sounds": [
      "sounds/knock_knock/spotted"
    ]
  },
  "playmate:chase": {
    "category": "music",
    "sounds": [
      "sounds/knock_knock/chase"
    ]
  },
  "playmate:screamer": {
    "category": "music",
    "sounds": [
      "sounds/knock_knock/screamer"
    ]
  },
  "playmate:game": {
    "category": "music",
    "sounds": [
      "sounds/knock_knock/game"
    ]
  },
  "playmate:win": {
    "category": "music",
    "sounds": [
      "sounds/knock_knock/win"
    ]
  },
  "playmate:fun": {
    "category": "music",
    "sounds": [
      "sounds/knock_knock/fun"
    ]
  },
  "playmate:hide": {
    "category": "music",
    "sounds": [
      "sounds/knock_knock/hide"
    ]
  },
  "playmate:hiding": {
    "category": "music",
    "sounds": [
      "sounds/knock_knock/hiding"
    ]
  },
  "playmate:seeking": {
    "category": "music",
    "sounds": [
      "sounds/knock_knock/seeking"
    ]
  },
  "playmate:seek": {
    "category": "music",
    "sounds": [
      "sounds/knock_knock/seek"
    ]
  },
  "playmate:lose": {
    "category": "music",
    "sounds": [
      "sounds/knock_knock/lose"
    ]
  },
  "playmate:time": {
    "category": "music",
    "sounds": [
      "sounds/knock_knock/time"
    ]
  }
}