{
  "format_version": "1.13.0",
  "minecraft:feature_rules": {
    "description": {
      "identifier": "minecraft:bog_surface_mushrooms_feature",
      "places_feature": "minecraft:legacy:small_mushrooms_feature"
    },
    "conditions": {
      "placement_pass": "surface_pass",
      "minecraft:biome_filter": [
        {
          "test": "has_biome_tag",
          "operator": "==",
          "value": "bog"
        }
      ]
    },
    "distribution": {
      "iterations": 4,
      "x": 0,
      "y": 0,
      "z": 0
    }
  }
}
