{
    "format_version": "1.13.0",
    "minecraft:feature_rules": {
        "description": {
            "identifier": "minecraft:spruce_bush_2_feature_rule",
            "places_feature": "minecraft:spruce_bush_2_feature_mcstructure"
        },
        "conditions": {
            "placement_pass": "surface_pass",
            "minecraft:biome_filter": [
                {
                    "all_of": [
                        {
                            "any_of": [
                                {
                                    "test": "has_biome_tag",
                                    "operator": "==",
                                    "value": "pine_forest"
                                }
                            ]
                        }
                    ]
                }
            ]
        },
        "distribution": {
            "iterations": 1,
            "scatter_chance": 10,
            "x": {
                "distribution": "uniform",
                "extent": [
                    0,
                    16
                ]
            },
            "y": "query.heightmap(variable.worldx, variable.worldz) + 0",
            "z": {
                "distribution": "uniform",
                "extent": [
                    0,
                    16
                ]
            }
        }
    }
}
// JSON exported by MACHINE_BUILDER'S Feature Rule Generator (youtube.com/machinebuilder) DO NOT REMOVE THIS WATERMARK