{
  "format_version": "1.16.0",
  "minecraft:feature_rules": {
    "description": {
      "identifier": "korbon:surface_spore_blossom_feature",
      "places_feature": "minecraft:spore_blossom_snap_to_ceiling_feature"
    },
    "conditions": {
      "placement_pass": "after_surface_pass",
      "minecraft:biome_filter": [
        {
          "test": "has_biome_tag", "operator": "==", "value": "spawn_spore_blossoms"
        }
      ]
    },
    "distribution": {
      "iterations": 12,
      "x": {
        "distribution": "uniform",
        "extent": [ 0, 16 ]
      },
      "y": {
        "distribution": "uniform",
        "extent": [ 58, 75 ]
      },
      "z": {
        "distribution": "uniform",
        "extent": [ 0, 16 ]
      }
    }
  }
}
