{
    "format_version": "1.13.0",
    "minecraft:feature_rules": {
        "description": {
            "identifier": "minecraft:volcanic_pillar_3_feature_rule",
            "places_feature": "minecraft:volcanic_pillar_3_feature_mcstructure"
        },
        "conditions": {
            "placement_pass": "surface_pass",
            "minecraft:biome_filter": [
                {
                    "all_of": [
                        {
                            "any_of": []
                        }
                    ]
                }
            ]
        },
        "distribution": {
            "iterations": 1,
            "scatter_chance": 25,
            "x": {
                "distribution": "uniform",
                "extent": [
                    0,
                    16
                ]
            },
            "y": "query.heightmap(variable.worldx, variable.worldz) + 0",
            "z": {
                "distribution": "uniform",
                "extent": [
                    0,
                    16
                ]
            }
        }
    }
}
// JSON exported by MACHINE_BUILDER'S Feature Rule Generator (youtube.com/machinebuilder) DO NOT REMOVE THIS WATERMARK