{
	"format_version": "1.16.0",
	"minecraft:entity": {
		"description": {
			"identifier": "korbon:coconut",
			"is_spawnable": false,
			"is_summonable": true,
			"is_experimental": false,
			"runtime_identifier": "minecraft:snowball"
		},
		"components": {
			"minecraft:collision_box": {
				"width": 0.25,
				"height": 0.25
			},
			"minecraft:projectile": {
				"on_hit": {
					"remove_on_hit": {},
					"impact_damage": {
						"damage": [
							2,
							3
						],
						"destroy_on_hit": true
					}
				},
				"power": 1.5,
				"gravity": 0.03,
				"angle_offset": 0,
				"offset": [
					0,
					-0.1,
					0
				],
				"hit_sound": "camera.take_picture"
			},
			"minecraft:physics": {},
			"minecraft:pushable": {
				"is_pushable": true,
				"is_pushable_by_piston": true
			}
		},
		"events": {},
		"component_groups": {}
	}
}