{
	"format_version": "1.16.0",
	"minecraft:entity": {
		"description": {
			"identifier": "korbon:crocodile",
			"is_spawnable": true,
			"is_summonable": true,
			"is_experimental": false
		},
		"components": {
			"minecraft:experience_reward": {
				"on_death": "query.last_hit_by_player ? 7 + (query.equipment_count * Math.Random(1,3)) : 0"
			},
			"minecraft:nameable": {},
			"minecraft:breathable": {
				"total_supply": 15,
				"suffocate_time": 0,
				"breathes_water": true,
				"breathes_air": true,
				"generates_bubbles": false
			},
			"minecraft:health": {
				"value": 20,
				"max": 20
			},
			"minecraft:attack": {
				"damage": 4
			},
			"minecraft:loot": {
				"table": "loot_tables/entities/crocodile.json"
			},
			"minecraft:movement": {
				"value": 0.25
			},
			"minecraft:jump.static": {},
			"minecraft:can_climb": {},
			"minecraft:shareables": {
				"items": [
					{
						"item": "minecraft:netherite_sword",
						"want_amount": 1,
						"surplus_amount": 1,
						"priority": 0
					},
					{
						"item": "minecraft:diamond_sword",
						"want_amount": 1,
						"surplus_amount": 1,
						"priority": 1
					},
					{
						"item": "minecraft:iron_sword",
						"want_amount": 1,
						"surplus_amount": 1,
						"priority": 2
					},
					{
						"item": "minecraft:stone_sword",
						"want_amount": 1,
						"surplus_amount": 1,
						"priority": 3
					},
					{
						"item": "minecraft:golden_sword",
						"want_amount": 1,
						"surplus_amount": 1,
						"priority": 4
					},
					{
						"item": "minecraft:wooden_sword",
						"want_amount": 1,
						"surplus_amount": 1,
						"priority": 5
					},
					{
						"item": "minecraft:wooden_shovel",
						"want_amount": 1,
						"surplus_amount": 1,
						"priority": 6
					},
					{
						"item": "minecraft:stone_shovel",
						"want_amount": 1,
						"surplus_amount": 1,
						"priority": 6
					},
					{
						"item": "minecraft:golden_shovel",
						"want_amount": 1,
						"surplus_amount": 1,
						"priority": 6
					},
					{
						"item": "minecraft:iron_shovel",
						"want_amount": 1,
						"surplus_amount": 1,
						"priority": 6
					},
					{
						"item": "minecraft:diamond_shovel",
						"want_amount": 1,
						"surplus_amount": 1,
						"priority": 6
					},
					{
						"item": "minecraft:netherite_shovel",
						"want_amount": 1,
						"surplus_amount": 1,
						"priority": 6
					},
					{
						"item": "minecraft:wooden_pickaxe",
						"want_amount": 1,
						"surplus_amount": 1,
						"priority": 6
					},
					{
						"item": "minecraft:stone_pickaxe",
						"want_amount": 1,
						"surplus_amount": 1,
						"priority": 6
					},
					{
						"item": "minecraft:golden_pickaxe",
						"want_amount": 1,
						"surplus_amount": 1,
						"priority": 6
					},
					{
						"item": "minecraft:iron_pickaxe",
						"want_amount": 1,
						"surplus_amount": 1,
						"priority": 6
					},
					{
						"item": "minecraft:diamond_pickaxe",
						"want_amount": 1,
						"surplus_amount": 1,
						"priority": 6
					},
					{
						"item": "minecraft:netherite_pickaxe",
						"want_amount": 1,
						"surplus_amount": 1,
						"priority": 6
					},
					{
						"item": "minecraft:wooden_axe",
						"want_amount": 1,
						"surplus_amount": 1,
						"priority": 6
					},
					{
						"item": "minecraft:stone_axe",
						"want_amount": 1,
						"surplus_amount": 1,
						"priority": 6
					},
					{
						"item": "minecraft:golden_axe",
						"want_amount": 1,
						"surplus_amount": 1,
						"priority": 6
					},
					{
						"item": "minecraft:iron_axe",
						"want_amount": 1,
						"surplus_amount": 1,
						"priority": 6
					},
					{
						"item": "minecraft:diamond_axe",
						"want_amount": 1,
						"surplus_amount": 1,
						"priority": 6
					},
					{
						"item": "minecraft:netherite_axe",
						"want_amount": 1,
						"surplus_amount": 1,
						"priority": 6
					},
					{
						"item": "minecraft:wooden_hoe",
						"want_amount": 1,
						"surplus_amount": 1,
						"priority": 6
					},
					{
						"item": "minecraft:stone_hoe",
						"want_amount": 1,
						"surplus_amount": 1,
						"priority": 6
					},
					{
						"item": "minecraft:golden_hoe",
						"want_amount": 1,
						"surplus_amount": 1,
						"priority": 6
					},
					{
						"item": "minecraft:iron_hoe",
						"want_amount": 1,
						"surplus_amount": 1,
						"priority": 6
					},
					{
						"item": "minecraft:diamond_hoe",
						"want_amount": 1,
						"surplus_amount": 1,
						"priority": 6
					},
					{
						"item": "minecraft:netherite_hoe",
						"want_amount": 1,
						"surplus_amount": 1,
						"priority": 6
					},
					{
						"item": "minecraft:netherite_helmet",
						"want_amount": 1,
						"surplus_amount": 1,
						"priority": 0
					},
					{
						"item": "minecraft:diamond_helmet",
						"want_amount": 1,
						"surplus_amount": 1,
						"priority": 1
					},
					{
						"item": "minecraft:iron_helmet",
						"want_amount": 1,
						"surplus_amount": 1,
						"priority": 2
					},
					{
						"item": "minecraft:chainmail_helmet",
						"want_amount": 1,
						"surplus_amount": 1,
						"priority": 3
					},
					{
						"item": "minecraft:golden_helmet",
						"want_amount": 1,
						"surplus_amount": 1,
						"priority": 4
					},
					{
						"item": "minecraft:leather_helmet",
						"want_amount": 1,
						"surplus_amount": 1,
						"priority": 5
					},
					{
						"item": "minecraft:turtle_helmet",
						"want_amount": 1,
						"surplus_amount": 1,
						"priority": 6
					},
					{
						"item": "minecraft:skull:0",
						"want_amount": 1,
						"surplus_amount": 1,
						"priority": 7
					},
					{
						"item": "minecraft:skull:1",
						"want_amount": 1,
						"surplus_amount": 1,
						"priority": 7
					},
					{
						"item": "minecraft:carved_pumpkin",
						"want_amount": 1,
						"surplus_amount": 1,
						"priority": 7
					},
					{
						"item": "minecraft:netherite_chestplate",
						"want_amount": 1,
						"surplus_amount": 1,
						"priority": 0
					},
					{
						"item": "minecraft:diamond_chestplate",
						"want_amount": 1,
						"surplus_amount": 1,
						"priority": 1
					},
					{
						"item": "minecraft:iron_chestplate",
						"want_amount": 1,
						"surplus_amount": 1,
						"priority": 2
					},
					{
						"item": "minecraft:chainmail_chestplate",
						"want_amount": 1,
						"surplus_amount": 1,
						"priority": 3
					},
					{
						"item": "minecraft:golden_chestplate",
						"want_amount": 1,
						"surplus_amount": 1,
						"priority": 4
					},
					{
						"item": "minecraft:leather_chestplate",
						"want_amount": 1,
						"surplus_amount": 1,
						"priority": 5
					},
					{
						"item": "minecraft:netherite_leggings",
						"want_amount": 1,
						"surplus_amount": 1,
						"priority": 0
					},
					{
						"item": "minecraft:diamond_leggings",
						"want_amount": 1,
						"surplus_amount": 1,
						"priority": 1
					},
					{
						"item": "minecraft:iron_leggings",
						"want_amount": 1,
						"surplus_amount": 1,
						"priority": 2
					},
					{
						"item": "minecraft:chainmail_leggings",
						"want_amount": 1,
						"surplus_amount": 1,
						"priority": 3
					},
					{
						"item": "minecraft:golden_leggings",
						"want_amount": 1,
						"surplus_amount": 1,
						"priority": 4
					},
					{
						"item": "minecraft:leather_leggings",
						"want_amount": 1,
						"surplus_amount": 1,
						"priority": 5
					},
					{
						"item": "minecraft:netherite_boots",
						"want_amount": 1,
						"surplus_amount": 1,
						"priority": 0
					},
					{
						"item": "minecraft:diamond_boots",
						"want_amount": 1,
						"surplus_amount": 1,
						"priority": 1
					},
					{
						"item": "minecraft:iron_boots",
						"want_amount": 1,
						"surplus_amount": 1,
						"priority": 2
					},
					{
						"item": "minecraft:chainmail_boots",
						"want_amount": 1,
						"surplus_amount": 1,
						"priority": 3
					},
					{
						"item": "minecraft:golden_boots",
						"want_amount": 1,
						"surplus_amount": 1,
						"priority": 4
					},
					{
						"item": "minecraft:leather_boots",
						"want_amount": 1,
						"surplus_amount": 1,
						"priority": 5
					}
				]
			},
			"minecraft:despawn": {
				"despawn_from_distance": {}
			},
			"minecraft:behavior.hurt_by_target": {
				"priority": 1
			},
			"minecraft:behavior.nearest_attackable_target": {
				"priority": 2,
				"reselect_targets": true,
				"must_see": true,
				"entity_types": [
					{
						"filters": {
							"test": "is_family",
							"subject": "other",
							"value": "player"
						},
						"max_dist": 16
					},
					{
						"filters": {
							"test": "is_family",
							"subject": "other",
							"value": "irongolem"
						},
						"max_dist": 16
					},
					{
						"filters": {
							"all_of": [
								{
									"test": "is_family",
									"subject": "other",
									"value": "baby_turtle"
								},
								{
									"test": "in_water",
									"subject": "other",
									"operator": "!=",
									"value": true
								}
							]
						},
						"max_dist": 16
					},
					{
						"filters": {
							"all_of": [
								{
									"test": "is_family",
									"subject": "other",
									"value": "piglin"
								},
								{
									"test": "is_difficulty",
									"operator": "!=",
									"value": "peaceful"
								}
							]
						},
						"max_dist": 16
					},
					{
						"filters": {
							"test": "is_family",
							"subject": "other",
							"value": "skeleton"
						},
						"max_dist": 16
					},
					{
						"filters": {
							"test": "is_family",
							"subject": "other",
							"value": "zombie"
						},
						"max_dist": 16
					},
					{
						"filters": {
							"test": "is_family",
							"subject": "other",
							"value": "spider"
						},
						"max_dist": 16
					},
					{
						"filters": {
							"test": "is_family",
							"subject": "other",
							"value": "cow"
						},
						"max_dist": 16
					},
					{
						"filters": {
							"test": "is_family",
							"subject": "other",
							"value": "pig"
						},
						"max_dist": 16
					},
					{
						"filters": {
							"test": "is_family",
							"subject": "other",
							"value": "sheep"
						},
						"max_dist": 16
					},
					{
						"filters": {
							"test": "is_family",
							"subject": "other",
							"value": "chicken"
						},
						"max_dist": 16
					},
					{
						"filters": {
							"test": "is_family",
							"subject": "other",
							"value": "pacified"
						},
						"max_dist": 16
					},
					{
						"filters": {
							"test": "is_family",
							"subject": "other",
							"value": "wolf"
						},
						"max_dist": 16
					},
					{
						"filters": {
							"test": "is_family",
							"subject": "other",
							"value": "fox"
						},
						"max_dist": 16
					},
					{
						"filters": {
							"test": "is_family",
							"subject": "other",
							"value": "pillager"
						},
						"max_dist": 16
					},
					{
						"filters": {
							"test": "is_family",
							"subject": "other",
							"value": "frog"
						},
						"max_dist": 16
					},
					{
						"filters": {
							"test": "is_family",
							"subject": "other",
							"value": "raccoon"
						},
						"max_dist": 16
					},
					{
						"filters": {
							"test": "is_family",
							"subject": "other",
							"value": "yeti"
						},
						"max_dist": 16
					}
				]
			},
			"minecraft:behavior.melee_attack": {
				"priority": 1,
				"track_target": true,
				"speed_multiplier": 1
			},
			"minecraft:behavior.random_stroll": {
				"priority": 50,
				"speed_multiplier": 0.5
			},
			"minecraft:type_family": {
				"family": [
					"mob",
					"monster",
					"crocodile"
				]
			},
			"minecraft:physics": {},
			"minecraft:pushable": {
				"is_pushable": true,
				"is_pushable_by_piston": true
			},
			"minecraft:scale": {
				"value": 0.6
			},
			"minecraft:collision_box": {
				"width": 1.5,
				"height": 1
			},
			"minecraft:water_movement": {
				"drag_factor": 0.85
			},
			"minecraft:underwater_movement": {
				"value": 0.18
			},
			"minecraft:behavior.look_at_target": {
				"priority": 5
			},
			"minecraft:behavior.look_at_player": {
				"priority": 5,
				"look_distance": 5
			},
			"minecraft:knockback_resistance": {
				"value": 0.9
			},
			"minecraft:behavior.move_to_water": {
				"priority": 4,
				"search_range": 16,
				"search_height": 5,
				"goal_radius": 1.5
			},
			"minecraft:behavior.mount_pathing": {
				"priority": 6
			},
			"minecraft:movement.amphibious": {
				"max_turn": 10
			},
			"minecraft:navigation.generic": {
				"is_amphibious": true,
				"can_path_over_water": false,
				"can_swim": true,
				"can_walk": true,
				"can_sink": false,
				"avoid_damage_blocks": true
			}
		},
		"events": {
			"minecraft:entity_spawned": {}
		},
		"component_groups": {}
	}
}