{
	"format_version": "1.16.0",
	"minecraft:entity": {
		"description": {
			"identifier": "korbon:deer",
			"is_spawnable": true,
			"is_summonable": true,
			"is_experimental": false,
			"runtime_identifier": "minecraft:sheep"
		},
		"component_groups": {
			"minecraft:deer_baby": {
				"minecraft:is_baby": {},
				"minecraft:scale": {
					"value": 0.5
				},
				"minecraft:ageable": {
					"duration": 1200,
					"feed_items": "wheat",
					"grow_up": {
						"event": "minecraft:ageable_grow_up",
						"target": "self"
					}
				},
				"minecraft:behavior.follow_parent": {
					"priority": 6,
					"speed_multiplier": 1.1
				},
				"minecraft:variant": {
					"value": 2
				}
			},
			"minecraft:deer_adult": {
				"minecraft:experience_reward": {
					"on_bred": "Math.Random(1,7)",
					"on_death": "query.last_hit_by_player ? Math.Random(1,3) : 0"
				},
				"minecraft:loot": {
					"table": "loot_tables/entities/deer.json"
				},
				"minecraft:behavior.breed": {
					"priority": 3,
					"speed_multiplier": 1
				},
				"minecraft:breedable": {
					"require_tame": false,
					"breed_items": "carrot",
					"breeds_with": {
						"mate_type": "korbon:deer",
						"baby_type": "korbon:deer",
						"breed_event": {
							"event": "minecraft:entity_born",
							"target": "baby"
						}
					}
				}
			},
			"spawn_doe": {
				"minecraft:variant": {
					"value": 1
				}
			},
			"spawn_deer": {
				"minecraft:variant": {
					"value": 0
				},
				"minecraft:loot": {
					"table": "loot_tables/entities/deer_antlers.json"
				}
			}
		},
		"components": {
			"minecraft:is_hidden_when_invisible": {},
			"minecraft:type_family": {
				"family": [
					"deer",
					"mob"
				]
			},
			"minecraft:breathable": {
				"total_supply": 15,
				"suffocate_time": 0
			},
			"minecraft:navigation.walk": {
				"can_path_over_water": true,
				"avoid_water": true,
				"avoid_damage_blocks": true
			},
			"minecraft:movement.basic": {},
			"minecraft:jump.static": {},
			"minecraft:can_climb": {},
			"minecraft:collision_box": {
				"width": 0.9,
				"height": 1.3
			},
			"minecraft:nameable": {},
			"minecraft:health": {
				"value": 10,
				"max": 10
			},
			"minecraft:hurt_on_condition": {
				"damage_conditions": [
					{
						"filters": {
							"test": "in_lava",
							"subject": "self",
							"operator": "==",
							"value": true
						},
						"cause": "lava",
						"damage_per_tick": 4
					}
				]
			},
			"minecraft:movement": {
				"value": 0.3
			},
			"minecraft:despawn": {
				"despawn_from_distance": {}
			},
			"minecraft:behavior.float": {
				"priority": 0
			},
			"minecraft:behavior.panic": {
				"priority": 1,
				"speed_multiplier": 1.25
			},
			"minecraft:behavior.mount_pathing": {
				"priority": 2,
				"speed_multiplier": 1.5,
				"target_dist": 0,
				"track_target": true
			},
			"minecraft:behavior.breed": {
				"priority": 3,
				"speed_multiplier": 1
			},
			"minecraft:behavior.tempt": {
				"priority": 4,
				"speed_multiplier": 0.6,
				"items": [
					"apple",
					"golden_apple",
					"enchanted_apple",
					"minecraft:carrot",
					"minecraft:golden_carrot",
					"minecraft:potato",
					"minecraft:sweet_berries",
					"minecraft:bread",
					"korbon:pear",
					"korbon:cherry"
				]
			},
			"minecraft:behavior.follow_parent": {
				"priority": 5,
				"speed_multiplier": 1.1
			},
			"minecraft:behavior.random_stroll": {
				"priority": 6,
				"speed_multiplier": 0.8
			},
			"minecraft:behavior.look_at_player": {
				"priority": 7,
				"look_distance": 6,
				"probability": 0.02
			},
			"minecraft:behavior.random_look_around": {
				"priority": 9
			},
			"minecraft:leashable": {
				"soft_distance": 4,
				"hard_distance": 6,
				"max_distance": 10
			},
			"minecraft:balloonable": {},
			"minecraft:rideable": {
				"seat_count": 1,
				"family_types": [
					"zombie"
				],
				"seats": {
					"position": [
						0,
						1,
						0
					]
				}
			},
			"minecraft:physics": {},
			"minecraft:pushable": {
				"is_pushable": true,
				"is_pushable_by_piston": true
			},
			"minecraft:conditional_bandwidth_optimization": {},
			"minecraft:behavior.avoid_mob_type": {
				"priority": 3,
				"entity_types": [
					{
						"filters": {
							"any_of": [
								{
									"all_of": [
										{
											"test": "is_family",
											"subject": "other",
											"value": "player"
										},
										{
											"test": "trusts",
											"subject": "other",
											"operator": "!=",
											"value": true
										},
										{
											"test": "is_sneaking",
											"subject": "other",
											"operator": "!=",
											"value": true
										}
									]
								},
								{
									"test": "is_family",
									"subject": "other",
									"value": "polarbear"
								},
								{
									"test": "is_family",
									"subject": "other",
									"value": "wolf"
								},
								{
									"test": "is_family",
									"subject": "other",
									"value": "bear"
								},
								{
									"test": "is_family",
									"subject": "other",
									"value": "crocodile"
								},
								{
									"test": "is_family",
									"subject": "other",
									"value": "pillager"
								},
								{
									"test": "is_family",
									"subject": "other",
									"value": "villager"
								},
								{
									"test": "is_family",
									"subject": "other",
									"value": "yeti"
								}
							]
						},
						"max_dist": 16,
						"max_flee": 16,
						"walk_speed_multiplier": 1,
						"sprint_speed_multiplier": 1.5,
						"must_see": true
					}
				],
				"max_dist": 16,
				"max_flee": 20
			},
			"minecraft:behavior.eat_block": {
				"priority": 6,
				"success_chance": "query.is_baby ? 0.02 : 0.001",
				"time_until_eat": 1.8,
				"eat_and_replace_block_pairs": [
					{
						"eat_block": "grass",
						"replace_block": "dirt"
					},
					{
						"eat_block": "tallgrass",
						"replace_block": "air"
					}
				]
			}
		},
		"events": {
			"minecraft:entity_spawned": {
				"sequence": [
					{
						"randomize": [
							{
								"weight": 95,
								"add": {
									"component_groups": [
										"minecraft:deer_adult"
									]
								}
							},
							{
								"weight": 5,
								"add": {
									"component_groups": [
										"minecraft:deer_baby"
									]
								}
							}
						]
					},
					{
						"randomize": [
							{
								"weight": 1,
								"add": {
									"component_groups": [
										"spawn_deer"
									]
								}
							},
							{
								"weight": 1,
								"add": {
									"component_groups": [
										"spawn_doe"
									]
								}
							}
						]
					}
				]
			},
			"minecraft:entity_born": {
				"add": {
					"component_groups": [
						"minecraft:deer_baby"
					]
				}
			},
			"minecraft:entity_transformed": {
				"remove": {},
				"add": {
					"component_groups": [
						"minecraft:deer_adult"
					]
				}
			},
			"minecraft:ageable_grow_up": {
				"remove": {
					"component_groups": [
						"minecraft:deer_baby"
					]
				},
				"add": {
					"component_groups": [
						"minecraft:deer_adult"
					]
				},
				"trigger": "minecraft:entity_spawned"
			}
		}
	}
}