{
	"format_version": "1.16.0",
	"minecraft:entity": {
		"description": {
			"identifier": "korbon:ice_ball",
			"is_spawnable": false,
			"is_summonable": true,
			"is_experimental": false,
			"runtime_identifier": "minecraft:snowball"
		},
		"components": {
			"minecraft:projectile": {
				"on_hit": {
					"impact_damage": {
						"damage": 7,
						"knockback": false
					},
					"remove_on_hit": {}
				},
				"power": 1.5,
				"gravity": 0.06,
				"inertia": 1,
				"uncertainty_base": 10,
				"uncertainty_multiplier": 4,
				"anchor": 1,
				"offset": [
					0,
					-0.1,
					0
				]
			}
		},
		"events": {},
		"component_groups": {}
	}
}