{
	"format_version": "1.16.0",
	"minecraft:entity": {
		"description": {
			"identifier": "korbon:yeti",
			"is_spawnable": true,
			"is_summonable": true,
			"is_experimental": false
		},
		"component_groups": {
			"throw_snowballs": {
				"minecraft:shooter": {
					"def": "korbon:ice_ball"
				},
				"minecraft:attack": {
					"damage": 7
				},
				"minecraft:behavior.ranged_attack": {
					"priority": 3,
					"burst_shots": 1,
					"burst_interval": 0.3,
					"charge_charged_trigger": 0,
					"charge_shoot_trigger": 1,
					"attack_interval_min": 1,
					"attack_interval_max": 1,
					"attack_radius": 16,
					"speed_multiplier": 1.75
				}
			},
			"melee": {
				"minecraft:attack": {
					"damage": 14,
					"effect_name": "slowness",
					"effect_duration": 8
				},
				"minecraft:behavior.melee_attack": {
					"priority": 3,
					"speed_multiplier": 1.75
				}
			}
		},
		"components": {
			"minecraft:is_hidden_when_invisible": {},
			"minecraft:nameable": {},
			"minecraft:type_family": {
				"family": [
					"yeti",
					"monster",
					"mob"
				]
			},
			"minecraft:collision_box": {
				"width": 1.4,
				"height": 3.4
			},
			"minecraft:movement.basic": {},
			"minecraft:navigation.walk": {
				"is_amphibious": true,
				"can_pass_doors": true,
				"can_walk": true,
				"can_break_doors": true
			},
			"minecraft:annotation.break_door": {},
			"minecraft:jump.static": {},
			"minecraft:can_climb": {},
			"minecraft:health": {
				"value": 100,
				"max": 100
			},
			"minecraft:hurt_on_condition": {
				"damage_conditions": [
					{
						"filters": {
							"test": "in_lava",
							"subject": "self",
							"operator": "==",
							"value": true
						},
						"cause": "lava",
						"damage_per_tick": 4
					}
				]
			},
			"minecraft:breathable": {
				"total_supply": 15,
				"suffocate_time": 0,
				"breathes_air": true,
				"breathes_water": true
			},
			"minecraft:loot": {
				"table": "loot_tables/entities/yeti.json"
			},
			"minecraft:despawn": {
				"despawn_from_distance": {}
			},
			"minecraft:behavior.stomp_turtle_egg": {
				"priority": 4,
				"speed_multiplier": 1,
				"search_range": 10,
				"search_height": 2,
				"goal_radius": 1.14,
				"interval": 20
			},
			"minecraft:behavior.random_stroll": {
				"priority": 7,
				"speed_multiplier": 1
			},
			"minecraft:behavior.look_at_player": {
				"priority": 8,
				"look_distance": 6,
				"probability": 0.02
			},
			"minecraft:behavior.random_look_around": {
				"priority": 9
			},
			"minecraft:behavior.nearest_attackable_target": {
				"priority": 2,
				"must_see": true,
				"reselect_targets": true,
				"must_see_forget_duration": 17,
				"entity_types": [
					{
						"filters": {
							"any_of": [
								{
									"test": "is_family",
									"subject": "other",
									"value": "player"
								},
								{
									"test": "is_family",
									"subject": "other",
									"value": "snowgolem"
								},
								{
									"test": "is_family",
									"subject": "other",
									"value": "irongolem"
								},
								{
									"test": "is_family",
									"subject": "other",
									"value": "zombie"
								},
								{
									"test": "is_family",
									"subject": "other",
									"value": "skeleton"
								},
								{
									"test": "is_family",
									"subject": "other",
									"value": "spider"
								},
								{
									"test": "is_family",
									"subject": "other",
									"value": "illager"
								},
								{
									"test": "is_family",
									"subject": "other",
									"value": "bear"
								},
								{
									"test": "is_family",
									"subject": "other",
									"value": "polarbear"
								},
								{
									"test": "is_family",
									"subject": "other",
									"value": "crocodile"
								},
								{
									"test": "is_family",
									"subject": "other",
									"value": "deer"
								},
								{
									"test": "is_family",
									"subject": "other",
									"value": "frog"
								},
								{
									"test": "is_family",
									"subject": "other",
									"value": "moobloom"
								},
								{
									"test": "is_family",
									"subject": "other",
									"value": "goblin"
								},
								{
									"test": "is_family",
									"subject": "other",
									"value": "raccoon"
								},
								{
									"test": "is_family",
									"subject": "other",
									"value": "cow"
								},
								{
									"test": "is_family",
									"subject": "other",
									"value": "sheep"
								},
								{
									"test": "is_family",
									"subject": "other",
									"value": "pig"
								},
								{
									"test": "is_family",
									"subject": "other",
									"value": "chicken"
								},
								{
									"test": "is_family",
									"subject": "other",
									"value": "fox"
								}
							]
						},
						"max_dist": 16
					},
					{
						"filters": {
							"any_of": [
								{
									"test": "is_family",
									"subject": "other",
									"value": "villager"
								},
								{
									"test": "is_family",
									"subject": "other",
									"value": "wandering_trader"
								}
							]
						},
						"max_dist": 35,
						"must_see": false
					},
					{
						"filters": {
							"all_of": [
								{
									"test": "is_family",
									"subject": "other",
									"value": "baby_turtle"
								},
								{
									"test": "in_water",
									"subject": "other",
									"operator": "!=",
									"value": true
								}
							]
						},
						"max_dist": 35
					}
				],
				"set_persistent": true
			},
			"minecraft:physics": {},
			"minecraft:pushable": {
				"is_pushable": false,
				"is_pushable_by_piston": true
			},
			"minecraft:conditional_bandwidth_optimization": {},
			"minecraft:scale": {
				"value": 0.9
			},
			"minecraft:movement": {
				"value": 0.2
			},
			"minecraft:target_nearby_sensor": {
				"inside_range": 6,
				"outside_range": 7,
				"on_outside_range": {
					"event": "snowball",
					"target": "self"
				},
				"on_inside_range": {
					"event": "minecraft:entity_spawned",
					"target": "self"
				}
			},
			"minecraft:behavior.hurt_by_target": {
				"priority": 1,
				"entity_types": {
					"filters": {
						"test": "is_family",
						"subject": "other",
						"operator": "!=",
						"value": "yeti"
					},
					"max_dist": 64
				}
			},
			"minecraft:knockback_resistance": {
				"value": 1
			},
			"minecraft:break_blocks": {
				"breakable_blocks": [
					"minecraft:leaves",
					"minecraft:leaves2",
					"minecraft:tallgrass",
					"minecraft:deadbush",
					"minecraft:sweet_berry_bush",
					"minecraft:pumpkin",
					"minecraft:lit_pumpkin",
					"minecraft:carved_pumpkin",
					"minecraft:glass_pane",
					"minecraft:potatoes",
					"minecraft:carrots",
					"minecraft:wheat",
					"minecraft:beetroot",
					"minecraft:powder_snow",
					"korbon:autumn_birch_leaves",
					"korbon:autumn_oak_leaves",
					"korbon:maple_leaves",
					"korbon:cherry_blossom_leaves",
					"korbon:jacaranda_leaves",
					"korbon:redwood_leaves",
					"korbon:scorched_leaves"
				]
			},
			"minecraft:behavior.float": {
				"priority": 5
			},
			"minecraft:water_movement": {
				"drag_factor": 0.98
			},
			"minecraft:experience_reward": {
				"on_death": "query.last_hit_by_player ? 150 + (query.equipment_count * Math.Random(1,3)) : 0"
			}
		},
		"events": {
			"minecraft:entity_spawned": {
				"add": {
					"component_groups": [
						"melee"
					]
				},
				"remove": {
					"component_groups": [
						"throw_snowballs"
					]
				}
			},
			"snowball": {
				"remove": {
					"component_groups": [
						"melee"
					]
				},
				"add": {
					"component_groups": [
						"throw_snowballs"
					]
				}
			}
		}
	}
}