{
	"format_version": "1.19.0",
	"animation_controllers": {
		"controller.animation.playmate": {
			"states": {
		  	"default": {
       "variables": {
        "walk": {
         "input": "q.modified_move_speed",
          "remap_curve": {
           "0.0": 0,
           "0.25": 1
          }
         },
         "idle": {
          "input": "q.modified_move_speed",
          "remap_curve": {
           "0.25": 0,
           "0.0": 1
          }
         }
       },
					"animations": [
						{"idle": "v.idle"},
						{"walk": "v.walk"},
         "look"
					],
       "transitions": [
         {"count": "q.variant == 1"}
       ],
       "blend_transition": 0.1
				},
      "count": {
        "animations": [
          "count",
          "look"
        ],
        "transitions": [
          {"default": "q.variant == 0"}
        ],
        "blend_transition": 0.1
      }
			}
		},
		"controller.animation.playmate_angry": {
			"states": {
				"default": {
        "variables": {
          "walk": {
            "input": "q.modified_move_speed",
            "remap_curve": {
              "0.0": 0,
              "0.25": 1
            }
          },
          "idle": {
            "input": "q.modified_move_speed",
            "remap_curve": {
              "0.25": 0,
              "0.0": 1
            }
          }
        },
					"animations": [
						{"idle": "v.idle"},
						{"run": "v.walk"},
         "look"
					]
				}
			}
		}
	}
}