{"padding":8,"resource_pack_name":"vanilla","texture_data":{"grass_side_bt":{"textures":[{"path":"textures/blocks/grass_top","overlay_color":"#79c05a"},{"path":"textures/blocks/grass_top","overlay_color":"#8ab689"},{"path":"textures/blocks/grass_top","overlay_color":"#bfb755"},{"path":"textures/blocks/grass_top","overlay_color":"#59c93c"},{"path":"textures/blocks/grass_top","overlay_color":"#55c93f"},{"path":"textures/blocks/grass_top","overlay_color":"#88bb66"},{"path":"textures/blocks/grass_top","overlay_color":"#86b87f"},{"path":"textures/blocks/grass_top","overlay_color":"#64c73f"},{"path":"textures/blocks/grass_top","overlay_color":"#86b783"},{"path":"textures/blocks/grass_top","overlay_color":"#83b593"},{"path":"textures/blocks/grass_top","overlay_color":"#80b497"},{"path":"textures/blocks/grass_top","overlay_color":"#91bd59"},{"path":"textures/blocks/grass_top","overlay_color":"#90814d"},{"path":"textures/blocks/grass_top","overlay_color":"#8eb971"},{"path":"textures/blocks/grass_top","overlay_color":"#6a7039"},{"path":"textures/blocks/grass_top","overlay_color":"#507a32"},"textures/blocks/grass_side_snowed"]},"grass_top":{"textures":{"variations":[{"path":"textures/blocks/grass_block_top/0"},{"path":"textures/blocks/grass_block_top/1"},{"path":"textures/blocks/grass_block_top/2"},{"path":"textures/blocks/grass_block_top/3"},{"path":"textures/blocks/grass_block_top/4"},{"path":"textures/blocks/grass_block_top/5"},{"path":"textures/blocks/grass_block_top/6"},{"path":"textures/blocks/grass_block_top/7"},{"path":"textures/blocks/grass_block_top/8"},{"path":"textures/blocks/grass_block_top/9"},{"path":"textures/blocks/grass_block_top/10"},{"path":"textures/blocks/grass_block_top/11"},{"path":"textures/blocks/grass_block_top/12"},{"path":"textures/blocks/grass_block_top/13"},{"path":"textures/blocks/grass_block_top/14"},{"path":"textures/blocks/grass_block_top/15"}]}}},"num_mip_levels":4,"texture_name":"atlas.terrain"}