{
  "format_version": "1.10.0",
  "animations": {
    "animation.knock_knock.angry": {
      "animation_length": 4,
      "timeline": {
        "0": [
          "/effect @s slowness 1 5 true",
          "/title @a title Game Over",
          "/playsound playmate:over @a",
          "/stopsound @a playmate:game"
        ],
        "2": [
          "/playsound playmate:spotted @a"
        ],
        "3": [
          "/playsound playmate:chase @a"
        ]
      }
    },
    "animation.knock_knock.looking": {
      "animation_length": 84,
      "timeline": {
        "0": [],
        "23": [
          "/title @a actionbar 60",
          "/playsound playmate:game @a"
        ],
        "24": [
          "/title @a actionbar 59"
        ],
        "25": [
          "/title @a actionbar 58"
        ],
        "26": [
          "/title @a actionbar 57"
        ],
        "27": [
          "/title @a actionbar 56"
        ],
        "28": [
          "/title @a actionbar 55"
        ],
        "29": [
          "/title @a actionbar 54"
        ],
        "30": [
          "/title @a actionbar 53"
        ],
        "31": [
          "/title @a actionbar 52"
        ],
        "32": [
          "/title @a actionbar 51"
        ],
        "33": [
          "/title @a actionbar 50"
        ],
        "34": [
          "/title @a actionbar 49"
        ],
        "35": [
          "/title @a actionbar 48"
        ],
        "36": [
          "/title @a actionbar 47"
        ],
        "37": [
          "/title @a actionbar 46"
        ],
        "38": [
          "/title @a actionbar 45"
        ],
        "39": [
          "/title @a actionbar 44"
        ],
        "40": [
          "/title @a actionbar 43"
        ],
        "41": [
          "/title @a actionbar 42"
        ],
        "42": [
          "/title @a actionbar 41"
        ],
        "43": [
          "/title @a actionbar 40"
        ],
        "44": [
          "/title @a actionbar 39"
        ],
        "45": [
          "/title @a actionbar 38"
        ],
        "46": [
          "/title @a actionbar 37"
        ],
        "47": [
          "/title @a actionbar 36"
        ],
        "48": [
          "/title @a actionbar 35"
        ],
        "49": [
          "/title @a actionbar 34"
        ],
        "50": [
          "/title @a actionbar 33"
        ],
        "51": [
          "/title @a actionbar 32"
        ],
        "52": [
          "/title @a actionbar 31"
        ],
        "53": [
          "/title @a actionbar 30"
        ],
        "54": [
          "/title @a actionbar 29"
        ],
        "55": [
          "/title @a actionbar 28"
        ],
        "56": [
          "/title @a actionbar 27"
        ],
        "57": [
          "/title @a actionbar 26"
        ],
        "58": [
          "/title @a actionbar 25"
        ],
        "59": [
          "/title @a actionbar 24"
        ],
        "60": [
          "/title @a actionbar 23"
        ],
        "61": [
          "/title @a actionbar 22"
        ],
        "62": [
          "/title @a actionbar 21"
        ],
        "63": [
          "/title @a actionbar 20"
        ],
        "64": [
          "/title @a actionbar 19"
        ],
        "65": [
          "/title @a actionbar 18"
        ],
        "66": [
          "/title @a actionbar 17"
        ],
        "67": [
          "/title @a actionbar 16"
        ],
        "68": [
          "/title @a actionbar 15"
        ],
        "69": [
          "/title @a actionbar 14"
        ],
        "70": [
          "/title @a actionbar 13"
        ],
        "71": [
          "/title @a actionbar 12"
        ],
        "72": [
          "/title @a actionbar 11"
        ],
        "73": [
          "/title @a actionbar 10"
        ],
        "74": [
          "/title @a actionbar 9"
        ],
        "75": [
          "/title @a actionbar 8"
        ],
        "76": [
          "/title @a actionbar 7"
        ],
        "77": [
          "/title @a actionbar 6"
        ],
        "78": [
          "/title @a actionbar 5"
        ],
        "79": [
          "/title @a actionbar 4"
        ],
        "80": [
          "/title @a actionbar 3"
        ],
        "81": [
          "/title @a actionbar 2"
        ],
        "82": [
          "/title @a actionbar 1"
        ],
        "83": [
          "/event entity @e[type=tm:looking] despawn",
          "/playsound playmate:over @a",
          "/title @a title Game Over",
          "/summon tm:looking_win"
        ]
      }
    },
    "animation.knock_knock.hiding_time": {
      "animation_length": 84,
      "timeline": {
        "0": [
          "/title @a actionbar 60",
          "/playsound playmate:game @a"
        ],
        "1": [
          "/title @a actionbar 59"
        ],
        "2": [
          "/title @a actionbar 58"
        ],
        "3": [
          "/title @a actionbar 57"
        ],
        "4": [
          "/title @a actionbar 56"
        ],
        "5": [
          "/title @a actionbar 55"
        ],
        "6": [
          "/title @a actionbar 54"
        ],
        "7": [
          "/title @a actionbar 53"
        ],
        "8": [
          "/title @a actionbar 52"
        ],
        "9": [
          "/title @a actionbar 51"
        ],
        "10": [
          "/title @a actionbar 50"
        ],
        "11": [
          "/title @a actionbar 49"
        ],
        "12": [
          "/title @a actionbar 48"
        ],
        "13": [
          "/title @a actionbar 47"
        ],
        "14": [
          "/title @a actionbar 46"
        ],
        "15": [
          "/title @a actionbar 45"
        ],
        "16": [
          "/title @a actionbar 44"
        ],
        "17": [
          "/title @a actionbar 43"
        ],
        "18": [
          "/title @a actionbar 42"
        ],
        "19": [
          "/title @a actionbar 41"
        ],
        "20": [
          "/title @a actionbar 40"
        ],
        "21": [
          "/title @a actionbar 39"
        ],
        "22": [
          "/title @a actionbar 38"
        ],
        "23": [
          "/title @a actionbar 37"
        ],
        "24": [
          "/title @a actionbar 36"
        ],
        "25": [
          "/title @a actionbar 35"
        ],
        "26": [
          "/title @a actionbar 34"
        ],
        "27": [
          "/title @a actionbar 33"
        ],
        "28": [
          "/title @a actionbar 32"
        ],
        "29": [
          "/title @a actionbar 31"
        ],
        "30": [
          "/title @a actionbar 30"
        ],
        "31": [
          "/title @a actionbar 29"
        ],
        "32": [
          "/title @a actionbar 28"
        ],
        "33": [
          "/title @a actionbar 27"
        ],
        "34": [
          "/title @a actionbar 26"
        ],
        "35": [
          "/title @a actionbar 25"
        ],
        "36": [
          "/title @a actionbar 24"
        ],
        "37": [
          "/title @a actionbar 23"
        ],
        "38": [
          "/title @a actionbar 22"
        ],
        "39": [
          "/title @a actionbar 21"
        ],
        "40": [
          "/title @a actionbar 20"
        ],
        "41": [
          "/title @a actionbar 19"
        ],
        "42": [
          "/title @a actionbar 18"
        ],
        "43": [
          "/title @a actionbar 17"
        ],
        "44": [
          "/title @a actionbar 16"
        ],
        "45": [
          "/title @a actionbar 15"
        ],
        "46": [
          "/title @a actionbar 14"
        ],
        "47": [
          "/title @a actionbar 13"
        ],
        "48": [
          "/title @a actionbar 12"
        ],
        "49": [
          "/title @a actionbar 11"
        ],
        "50": [
          "/title @a actionbar 10"
        ],
        "51": [
          "/title @a actionbar 9"
        ],
        "52": [
          "/title @a actionbar 8"
        ],
        "53": [
          "/title @a actionbar 7"
        ],
        "54": [
          "/title @a actionbar 6"
        ],
        "55": [
          "/title @a actionbar 5"
        ],
        "56": [
          "/title @a actionbar 4"
        ],
        "57": [
          "/title @a actionbar 3"
        ],
        "58": [
          "/title @a actionbar 2"
        ],
        "59": [
          "/title @a actionbar 1"
        ],
        "60": [
          "/event entity @e[type=tm:hiding,type=tm:hiding1,type=tm:hiding2] despawn",
          "/event entity @s despawn",
          "/summon tm:playmate_lose"
        ]
      }
    },
    "animation.knock_knock.win": {
      "animation_length": 5,
      "timeline": {
        "0": [],
        "3": [
          "/playsound playmate:win @a",
          "/title @a title §l§aYou win"
        ],
        "4": [
          "/playsound playmate:fun @a",
          "/event entity @s despawn"
        ]
      }
    },
    "animation.knock_knock.lose": {
      "animation_length": 13,
      "timeline": {
        "0": [
          "/event entity @e[type=tm:hiding,type=tm:hiding1,type=tm:hiding2] despawn",
          "/playsound playmate:over @a",
          "/title @a title Game Over"
        ],
        "3": [
          "/playsound playmate:lose @a",
          "/title @a title §l§4You lose"
        ],
        "4": [
          "/playsound playmate:time @a"
        ],
        "12": [
          "/execute @r ~~~ function angrysr",
          "/event entity @s despawn"
        ]
      }
    },
    "animation.knock_knock.seeking": {
      "animation_length": 6,
      "timeline": {
        "0": [
          "/playsound playmate:seeking @a",
          "/title @a title You Are...",
          "/tp @s @p"
        ],
        "4": [
          "/title @a title §4Seeking",
          "/title @a subtitle §cFind me 3 times",
          "/playsound playmate:hiding @a",
          "/effect @a slowness 5 2 true",
          "/effect @a blindness 5 1 true"
        ],
        "5": [
          "/event entity @s despawn",
          "/summon tm:hiding_timer",
          "/summon tm:hiding"
        ]
      }
    },
    "animation.knock_knock.hiding": {
      "animation_length": 5,
      "timeline": {
        "0": [
          "/playsound playmate:hide @a",
          "/title @a title You Are...",
          "/tp @s @p"
        ],
        "3": [
          "/title @a title §1Hiding",
          "/title @a subtitle §9Find a good spot to hide",
          "/playsound playmate:seek @a"
        ],
        "4": [
          "/event entity @s despawn",
          "/summon tm:looking"
        ]
      }
    }
  }
}